,Name,Tweet Count,Tweet,Compound Score,Positive,Negative,Neutral,Date
0,BBC,100,RT @BBCTwo: Flipping AMAZING. üò≤ #RobotWars https://t.co/fZidFx1nBB,0.7028,0.491,0.0,0.509,Sun Nov 26 21:12:48 +0000 2017
1,BBC,99,"RT @bbcstrictly: We're not crying, you are üò¢ @keviclifton @SusanCalman #Strictly https://t.co/TbRmuFcjtJ",0.3724,0.203,0.0,0.797,Sun Nov 26 21:11:53 +0000 2017
2,BBC,98,"RT @bbcstrictly: ""This has been the best experience of my life"" ‚ú® RT if you've loved watching @SusanCalman and @keviclifton every week http‚Ä¶",0.8442,0.288,0.0,0.712,Sun Nov 26 21:11:45 +0000 2017
3,BBC,97,"RT @CBeebiesHQ: Congratulations to @HEYDUGGEE!

Winners of @BAFTA Children‚Äôs Pre-school animation at tonight‚Äôs #BAFTAKids üôå

We‚Äôre jumping‚Ä¶",0.807,0.342,0.0,0.658,Sun Nov 26 21:11:33 +0000 2017
4,BBC,96,RT @BBCOne: One word: magnificent. #BluePlanet2 https://t.co/BYU9GXfipm,0.5994,0.394,0.0,0.606,Sun Nov 26 20:51:01 +0000 2017
5,BBC,95,"RT @BBCOne: üé§ ‚ÄúI‚Äôm coming out. I want the world to know, got to let it show.‚Äù üé§ #BluePlanet2 https://t.co/CDydVz7xVv",0.0772,0.075,0.0,0.925,Sun Nov 26 20:48:58 +0000 2017
6,BBC,94,'You can't mug off the Queen'. üòÇ ‚öí üéñ @MrDDyer playing Send To All with @McInTweet is brilliant.‚Ä¶ https://t.co/OMG46hz51X,0.2023,0.107,0.0,0.893,Sun Nov 26 20:35:06 +0000 2017
7,BBC,93,RT @BBCOne: Sea otters: providing 100% of your daily requirement of cuteness. ‚ù§Ô∏è #BluePlanet2 https://t.co/sZVOKUyVkr,0.5106,0.191,0.0,0.809,Sun Nov 26 20:20:17 +0000 2017
8,BBC,92,RT @BBCOne: Raiding the fridge in the middle of the night like‚Ä¶ #BluePlanet2 https://t.co/RoSDcuJZpz,0.0,0.0,0.0,1.0,Sun Nov 26 20:13:59 +0000 2017
9,BBC,91,"Tonight, a team of scientists begin an expedition to Nyiragongo, one of the world's most dangerous volcanoes.‚Ä¶ https://t.co/cP6Oo6ukqz",-0.5256,0.0,0.175,0.825,Sun Nov 26 20:03:04 +0000 2017
10,BBC,90,Can you guess the secret ingredient that magically turns into vegan mayo? Via @BBCFood. https://t.co/d8oB0dlkWR,0.0,0.0,0.0,1.0,Sun Nov 26 19:30:02 +0000 2017
11,BBC,89,'When did it get so heavy?' üé∂ üíñ Hands up if you've had @AnneMarieIAm on repeat since #SLFN. üôã Via @BBCMusic https://t.co/Imr5DdbkPn,0.0,0.0,0.0,1.0,Sun Nov 26 19:15:04 +0000 2017
12,BBC,88,When is it not OK to pet a stranger's dog? üôÖüê∂ https://t.co/KJlTScCCp3 https://t.co/TOdCkuGFhR,-0.3465,0.0,0.181,0.819,Sun Nov 26 18:30:08 +0000 2017
13,BBC,87,"""That was the happiest I've ever been"": 15-year-old Julia explains why @SimonCowell paid for her scoliosis surgery.‚Ä¶ https://t.co/a1yrYK6FVh",0.6369,0.198,0.0,0.802,Sun Nov 26 18:03:01 +0000 2017
14,BBC,86,"As the weather takes a turn, we thought we'd celebrate the beauty &amp; splendour of what's been an awesome autumn. üçÇüçÅ‚Ä¶ https://t.co/oy6fLtok2j",0.9413,0.465,0.0,0.535,Sun Nov 26 17:30:20 +0000 2017
15,BBC,85,Want to make a splash in the world of parenting? The #Motherland guide to pool parties is here to help! üèäüòÇ Via‚Ä¶ https://t.co/S390iq6fdm,0.7177,0.269,0.0,0.731,Sun Nov 26 17:00:05 +0000 2017
16,BBC,84,"RT @bbcf1: 'Thank you for everything'

Listen to the moment Felipe Massa crossed the finish line for the final time.

https://t.co/cXFgG2Pw‚Ä¶",0.3612,0.111,0.0,0.889,Sun Nov 26 16:46:43 +0000 2017
17,BBC,83,"RT @BBCR1: Dear #ARMY,

@AdeleRoberts has been busy over in Seoul working on a very special K-pop documentary featuring @BTS_twt! üòç

She's‚Ä¶",0.7082,0.246,0.0,0.754,Sun Nov 26 16:46:35 +0000 2017
18,BBC,82,RT @BBCSpringwatch: Hands up if you've spotted one of these cheeky chaps in your garden! üôåüèΩ https://t.co/po1DBtIVfC,0.0,0.0,0.0,1.0,Sun Nov 26 16:46:29 +0000 2017
19,BBC,81,RT @bbcthree: Dave is terminally ill and facing the inevitability of leaving his wife and step-kids behind. https://t.co/lLTLOTTZqi,-0.4215,0.0,0.141,0.859,Sun Nov 26 16:46:25 +0000 2017
20,BBC,80,RT @BBCTwo: Flipping AMAZING. üò≤ #RobotWars https://t.co/fZidFx1nBB,0.7028,0.491,0.0,0.509,Sun Nov 26 21:12:48 +0000 2017
21,BBC,79,"RT @bbcstrictly: We're not crying, you are üò¢ @keviclifton @SusanCalman #Strictly https://t.co/TbRmuFcjtJ",0.3724,0.203,0.0,0.797,Sun Nov 26 21:11:53 +0000 2017
22,BBC,78,"RT @bbcstrictly: ""This has been the best experience of my life"" ‚ú® RT if you've loved watching @SusanCalman and @keviclifton every week http‚Ä¶",0.8442,0.288,0.0,0.712,Sun Nov 26 21:11:45 +0000 2017
23,BBC,77,"RT @CBeebiesHQ: Congratulations to @HEYDUGGEE!

Winners of @BAFTA Children‚Äôs Pre-school animation at tonight‚Äôs #BAFTAKids üôå

We‚Äôre jumping‚Ä¶",0.807,0.342,0.0,0.658,Sun Nov 26 21:11:33 +0000 2017
24,BBC,76,RT @BBCOne: One word: magnificent. #BluePlanet2 https://t.co/BYU9GXfipm,0.5994,0.394,0.0,0.606,Sun Nov 26 20:51:01 +0000 2017
25,BBC,75,"RT @BBCOne: üé§ ‚ÄúI‚Äôm coming out. I want the world to know, got to let it show.‚Äù üé§ #BluePlanet2 https://t.co/CDydVz7xVv",0.0772,0.075,0.0,0.925,Sun Nov 26 20:48:58 +0000 2017
26,BBC,74,'You can't mug off the Queen'. üòÇ ‚öí üéñ @MrDDyer playing Send To All with @McInTweet is brilliant.‚Ä¶ https://t.co/OMG46hz51X,0.2023,0.107,0.0,0.893,Sun Nov 26 20:35:06 +0000 2017
27,BBC,73,RT @BBCOne: Sea otters: providing 100% of your daily requirement of cuteness. ‚ù§Ô∏è #BluePlanet2 https://t.co/sZVOKUyVkr,0.5106,0.191,0.0,0.809,Sun Nov 26 20:20:17 +0000 2017
28,BBC,72,RT @BBCOne: Raiding the fridge in the middle of the night like‚Ä¶ #BluePlanet2 https://t.co/RoSDcuJZpz,0.0,0.0,0.0,1.0,Sun Nov 26 20:13:59 +0000 2017
29,BBC,71,"Tonight, a team of scientists begin an expedition to Nyiragongo, one of the world's most dangerous volcanoes.‚Ä¶ https://t.co/cP6Oo6ukqz",-0.5256,0.0,0.175,0.825,Sun Nov 26 20:03:04 +0000 2017
30,BBC,70,Can you guess the secret ingredient that magically turns into vegan mayo? Via @BBCFood. https://t.co/d8oB0dlkWR,0.0,0.0,0.0,1.0,Sun Nov 26 19:30:02 +0000 2017
31,BBC,69,'When did it get so heavy?' üé∂ üíñ Hands up if you've had @AnneMarieIAm on repeat since #SLFN. üôã Via @BBCMusic https://t.co/Imr5DdbkPn,0.0,0.0,0.0,1.0,Sun Nov 26 19:15:04 +0000 2017
32,BBC,68,When is it not OK to pet a stranger's dog? üôÖüê∂ https://t.co/KJlTScCCp3 https://t.co/TOdCkuGFhR,-0.3465,0.0,0.181,0.819,Sun Nov 26 18:30:08 +0000 2017
33,BBC,67,"""That was the happiest I've ever been"": 15-year-old Julia explains why @SimonCowell paid for her scoliosis surgery.‚Ä¶ https://t.co/a1yrYK6FVh",0.6369,0.198,0.0,0.802,Sun Nov 26 18:03:01 +0000 2017
34,BBC,66,"As the weather takes a turn, we thought we'd celebrate the beauty &amp; splendour of what's been an awesome autumn. üçÇüçÅ‚Ä¶ https://t.co/oy6fLtok2j",0.9413,0.465,0.0,0.535,Sun Nov 26 17:30:20 +0000 2017
35,BBC,65,Want to make a splash in the world of parenting? The #Motherland guide to pool parties is here to help! üèäüòÇ Via‚Ä¶ https://t.co/S390iq6fdm,0.7177,0.269,0.0,0.731,Sun Nov 26 17:00:05 +0000 2017
36,BBC,64,"RT @bbcf1: 'Thank you for everything'

Listen to the moment Felipe Massa crossed the finish line for the final time.

https://t.co/cXFgG2Pw‚Ä¶",0.3612,0.111,0.0,0.889,Sun Nov 26 16:46:43 +0000 2017
37,BBC,63,"RT @BBCR1: Dear #ARMY,

@AdeleRoberts has been busy over in Seoul working on a very special K-pop documentary featuring @BTS_twt! üòç

She's‚Ä¶",0.7082,0.246,0.0,0.754,Sun Nov 26 16:46:35 +0000 2017
38,BBC,62,RT @BBCSpringwatch: Hands up if you've spotted one of these cheeky chaps in your garden! üôåüèΩ https://t.co/po1DBtIVfC,0.0,0.0,0.0,1.0,Sun Nov 26 16:46:29 +0000 2017
39,BBC,61,RT @bbcthree: Dave is terminally ill and facing the inevitability of leaving his wife and step-kids behind. https://t.co/lLTLOTTZqi,-0.4215,0.0,0.141,0.859,Sun Nov 26 16:46:25 +0000 2017
40,BBC,60,üë¶üèøüëßüèΩüë®üèæüëµüèª The artist who reveals our Pantone shades to expose ‚Äì and subvert ‚Äì our racial prejudices.‚Ä¶ https://t.co/DdHuF9APqt,-0.1531,0.0,0.096,0.904,Sun Nov 26 16:30:11 +0000 2017
41,BBC,59,üê∂üéñÔ∏è This heroic doggo has just won the highest award given to military animals. Via @BBCNewsbeat. https://t.co/xvplQNBFgT,0.8957,0.435,0.0,0.565,Sun Nov 26 16:00:04 +0000 2017
42,BBC,58,Everything you know about acid attacks is wrong. üôÖ https://t.co/r6Ga7XwKAr https://t.co/X7GxNjvefB,-0.7184,0.0,0.429,0.571,Sun Nov 26 15:00:09 +0000 2017
43,BBC,57,"'In today‚Äôs society, it isn‚Äôt appropriate': This mum wants Sleeping Beauty removed from her child‚Äôs curriculum. üìñ‚Ä¶ https://t.co/8I6gdr5i4z",0.5859,0.183,0.0,0.817,Sun Nov 26 14:33:04 +0000 2017
44,BBC,56,üòÇ @BBCTheSocial explore Justice League's crappiest moments. https://t.co/CjaQNCrOhT,0.5267,0.362,0.0,0.638,Sun Nov 26 14:00:03 +0000 2017
45,BBC,55,"Some people enjoy tasting new, exotic flavours, while others are averse. What's the psychology behind this preferen‚Ä¶ https://t.co/HyD3yo0Dqu",0.4939,0.158,0.0,0.842,Sun Nov 26 13:00:07 +0000 2017
46,BBC,54,Fox hitches free ride on London sightseeing bus. ü¶ä üá¨üáß https://t.co/eIvAXH6jsD https://t.co/C3pGb63t5F,0.5106,0.248,0.0,0.752,Sun Nov 26 12:33:04 +0000 2017
47,BBC,53,"Is this a roofing revolution for some of the world's poorest slums?
 #BBCInnovators via @BBCWorldService.
More üëâ‚Ä¶ https://t.co/1ANjC0kZBc",-0.5423,0.0,0.179,0.821,Sun Nov 26 12:00:06 +0000 2017
48,BBC,52,üì∏üá¨üáß A very British weekend: @RankinPhoto asked the people of Britain to capture a normal day in their lives one Oct‚Ä¶ https://t.co/vboymPJsaS,0.0,0.0,0.0,1.0,Sun Nov 26 11:43:13 +0000 2017
49,BBC,51,üé¨ Are Prince William &amp; Harry in the new Star Wars film? They wouldn't be the first royals to appear in the franchis‚Ä¶ https://t.co/AYdWUD6ruB,-0.5574,0.0,0.141,0.859,Sun Nov 26 11:00:08 +0000 2017
50,BBC,50,"In a historic first, sailors from the Royal Navy are to perform the Changing the Guard outside Buckingham Palace.‚Ä¶ https://t.co/ChYewkg80S",0.0,0.0,0.0,1.0,Sun Nov 26 10:32:03 +0000 2017
51,BBC,49,"Feeling anxious or stressed? You could try Forest Bathing. üå≥üå≤

Don't worry, you won't need your swimmers! üëô
Via‚Ä¶ https://t.co/Q5nrcZE7uN",-0.1989,0.166,0.199,0.636,Sun Nov 26 10:00:02 +0000 2017
52,BBC,48,RT @BBCWorld: Mount Agung: Bali volcano activity prompts 'red warning' https://t.co/HjL7JXmXRb,-0.34,0.0,0.194,0.806,Sun Nov 26 09:56:16 +0000 2017
53,BBC,47,"RT @BBCFOUR: 33 years ago today Band Aid recorded Do They Know It's Christmas? Watch the full video on #TOTP, featuring @SpandauBallet, @Du‚Ä¶",0.0,0.0,0.0,1.0,Sun Nov 26 09:53:51 +0000 2017
54,BBC,46,"RT @BBCRadio3: Starting at 9am, we'll be sharing a very special six-hour uninterrupted stream of music and meditations from around world.
h‚Ä¶",0.6997,0.234,0.0,0.766,Sun Nov 26 09:52:52 +0000 2017
55,BBC,45,"RT @bbcweather: For those of you hoping for something milder this week, look away now! #Brrrr Nick https://t.co/BBiFoEukPH",0.4753,0.154,0.0,0.846,Sun Nov 26 09:52:42 +0000 2017
56,BBC,44,"Despite its fascinating pink lakes and spectacular marine life, very few people have visited this Australian island‚Ä¶ https://t.co/w3by5PxPIE",0.5423,0.171,0.0,0.829,Sun Nov 26 09:32:07 +0000 2017
57,BBC,43,üìª Most of us have no memories from before 2 or 3 - a phenomenon called 'infantile amnesia'. But why is this? üë∂üí≠‚Ä¶ https://t.co/FlmILDQbbF,-0.296,0.0,0.109,0.891,Sun Nov 26 09:00:11 +0000 2017
58,BBC,42,How to survive the afterlife like an ancient Egyptian. https://t.co/ydYx3qcZk4 https://t.co/ACPawp1Gyp,0.3612,0.2,0.0,0.8,Sun Nov 26 08:29:05 +0000 2017
59,BBC,41,"üò´ ‚è∞ If you can't wake up without a strong coffee and six alarm clocks, you might have a disrupted body clock. Here'‚Ä¶ https://t.co/LecILnmwzI",-0.6251,0.0,0.221,0.779,Sun Nov 26 08:07:03 +0000 2017
60,BBC,40,The frozen bodies of 15 men are discovered on an abandoned bus in the countryside. Witnesses: A Frozen Death. 9pm o‚Ä¶ https://t.co/4mmpj5sEuy,-0.7845,0.0,0.266,0.734,Sat Nov 25 20:35:04 +0000 2017
61,BBC,39,"50 years since his murder, celebrate the wit, work and world of groundbreaking sixties playwright Joe Orton. Joe Or‚Ä¶ https://t.co/t8jfLuTCwo",-0.25,0.14,0.178,0.682,Sat Nov 25 19:53:03 +0000 2017
62,BBC,38,Re-rewind! üé§ üôå Who else wants to watch @CraigDavid guest host #SLFN all over again? https://t.co/KQYcB5wY7D Via‚Ä¶ https://t.co/A0ZMWPzZbq,0.0,0.0,0.0,1.0,Sat Nov 25 19:33:02 +0000 2017
63,BBC,37,The London mum using her maternity leave to travel the world &amp; giving a tropical twist to the Power Maternity Leave‚Ä¶ https://t.co/XVvadZd70I,0.296,0.106,0.053,0.841,Sat Nov 25 18:30:06 +0000 2017
64,BBC,36,Claw blimey! ü¶Ä Here's why thousands of spider crabs gather together. #BluePlanet2 Via @BBCEarth https://t.co/nVkHpFsgxe,0.0,0.0,0.0,1.0,Sat Nov 25 18:14:06 +0000 2017
65,BBC,35,"RT @BBCMOTD: Chaos at Norwich...

A 'local bloke' from the crowd has come to the rescue. #bbcfootball https://t.co/nzUsoPXhzt",-0.1027,0.15,0.168,0.682,Sat Nov 25 17:30:42 +0000 2017
66,BBC,34,The @WorldPressPhoto's Noortje Gorter discusses what makes a world-beating image. üì∏üêº https://t.co/nwRCtV15Qh https://t.co/F6kRFdEuQr,0.0,0.0,0.0,1.0,Sat Nov 25 17:30:08 +0000 2017
67,BBC,33,RT @bbcstrictly: It's #Strictly Saturday! We are back tonight at 6:50pm on @BBCOne ‚ú® https://t.co/O3AyYmKZxZ,0.0,0.0,0.0,1.0,Sat Nov 25 17:25:18 +0000 2017
68,BBC,32,"RT @BBCR1: Here's 14 of the best Live Lounge performances of 2017 - has your fave made the list? ü§î

üëâ https://t.co/szJlse5VtE https://t.co/‚Ä¶",0.7964,0.283,0.0,0.717,Sat Nov 25 17:24:41 +0000 2017
69,BBC,31,RT @BBCiPlayer: **** GEO block to local people only **** https://t.co/urwlB4ribR,-0.4404,0.0,0.225,0.775,Sat Nov 25 17:24:30 +0000 2017
70,BBC,30,RT @BBCOne: ‚ú® @GaryBarlow will be making a *very* special appearance on #MichaelMcIntyresBigShow tonight at 8.10pm. üé§ https://t.co/A85hQdG3‚Ä¶,0.4019,0.162,0.0,0.838,Sat Nov 25 17:22:44 +0000 2017
71,BBC,29,"Glitter is a microplastic, and it's been making its way into the sea. 
Via @BBCNewsbeat. https://t.co/2ONMpJx9Cs",0.0,0.0,0.0,1.0,Sat Nov 25 17:00:05 +0000 2017
72,BBC,28,They were the inspiration for hundreds of memes. Now the famous stock shot couple have been given their own life st‚Ä¶ https://t.co/QkWcAlCc4Q,0.5267,0.139,0.0,0.861,Sat Nov 25 16:00:08 +0000 2017
73,BBC,27,Emily is just one of a rapidly growing number of people battling antibiotic-resistant superbugs. üíä Via @TWBBC. https://t.co/e4mPw72038,-0.0258,0.166,0.116,0.718,Sat Nov 25 15:00:05 +0000 2017
74,BBC,26,üì∏ Our selection of some of the most striking news photographs taken around the world last week.‚Ä¶ https://t.co/SAUAirhcHf,0.0,0.0,0.0,1.0,Sat Nov 25 14:00:16 +0000 2017
75,BBC,25,"When it comes to our food, it's worth checking the label. Some of our daily staples are made of some strange ingred‚Ä¶ https://t.co/fFTtduplRc",0.0258,0.077,0.073,0.85,Sat Nov 25 13:00:05 +0000 2017
76,BBC,24,Many know Phryne as the most beautiful woman of the ancient world. But this 'it girl' had a wit to match.‚Ä¶ https://t.co/c6cIzJpzxC,0.6361,0.173,0.0,0.827,Sat Nov 25 12:00:06 +0000 2017
77,BBC,23,Giraffemania: When Europe went spotty for the 'camelopard' (and other giraffe facts). üê´üêÜ https://t.co/whMwaUoM5W https://t.co/Q8fiWnFVKS,0.0,0.0,0.0,1.0,Sat Nov 25 11:00:06 +0000 2017
78,BBC,22,RT @BBCSport: Why Rio Ferdinand and Frank Lampard stopped talking. Brutal. https://t.co/mjQUyknckJ,-0.7184,0.0,0.375,0.625,Sat Nov 25 10:23:33 +0000 2017
79,BBC,21,"RT @CBBC_Hacker: Somebody said @YasminEvans @fulljonnynelson and I were real smooth operators.

I think we got the wrong idea.

(in unrelat‚Ä¶",-0.4767,0.0,0.147,0.853,Sat Nov 25 10:22:09 +0000 2017
80,BBC,20,RT @bbcweather: Nasa expert shows us how Earth 'breathes' https://t.co/zok3zE3Ve2 Jo https://t.co/4TwDh3cCNV,0.0,0.0,0.0,1.0,Sat Nov 25 10:21:21 +0000 2017
81,BBC,19,"RT @bbctms: Here's a stat for you...

James Anderson (508) and Stuart Broad (391) have taken a combined 899 Test wickets! üëèüëè

#Ashes #bbccr‚Ä¶",0.0,0.0,0.0,1.0,Sat Nov 25 10:20:43 +0000 2017
82,BBC,18,"RT @BBCSport: Fancy the best bits of that thrilling #RLWC2017 semi-final?

Watch #TONvENG highlights:
https://t.co/rN0kjK2Yrk #bbcrl https:‚Ä¶",0.8074,0.327,0.0,0.673,Sat Nov 25 10:19:13 +0000 2017
83,BBC,17,"Too many men suffer in silence. 
Via @BBCTheSocial. https://t.co/49vju6oZvV",-0.5423,0.0,0.304,0.696,Sat Nov 25 10:00:05 +0000 2017
84,BBC,16,Concerned about the negative effects glitter has on our marine life? Here's an eco-friendly guide to using it. üåé üíñ‚Ä¶ https://t.co/6UECiJtY3j,-0.5719,0.0,0.163,0.837,Sat Nov 25 09:33:04 +0000 2017
85,BBC,15,"Are you or your partner a snorer, an early-riser or an insomniac? Here's how the way you sleep can affect someone y‚Ä¶ https://t.co/GpAkAhrlvc",0.0,0.0,0.0,1.0,Sat Nov 25 08:59:04 +0000 2017
86,BBC,14,"Curfews, incentives, and science: this is how Iceland got its young people to give up drink and drugs. üçªüôÖ Via BBC W‚Ä¶ https://t.co/sqt0y7dMEj",0.3182,0.095,0.0,0.905,Sat Nov 25 08:33:04 +0000 2017
87,BBC,13,Triops are thought to have been on our planet for more than 200 million years! Via @BBCSpringwatch. https://t.co/c7Rwp0sDOl,0.0,0.0,0.0,1.0,Sat Nov 25 08:00:02 +0000 2017
88,BBC,12,"RT @bbcmusic: .@AnneMarieIAm's #SLFN performance was TOTALLY flawless ‚ú®

Heavy is such a tune üé∂ https://t.co/kUEdMWrG4I",0.6515,0.265,0.0,0.735,Fri Nov 24 22:09:43 +0000 2017
89,BBC,11,RT @BBCSpringwatch: When you get a bit carried away with the #BlackFriday sales... https://t.co/u22SAXDRh6,0.0,0.0,0.0,1.0,Fri Nov 24 22:09:10 +0000 2017
90,BBC,10,RT @BBCCiN: This happened a whole week ago! üòÆ Thanks so so much to everyone who got involved and donated!! We could not have done this with‚Ä¶,0.5826,0.136,0.0,0.864,Fri Nov 24 22:09:06 +0000 2017
91,BBC,9,RT @bbcstrictly: When @ZoeTheBall surprises you live on air with a message from a special someone... #ItTakesTwo https://t.co/xt97pPs2rm,0.5574,0.247,0.0,0.753,Fri Nov 24 22:08:02 +0000 2017
92,BBC,8,Why would anyone donate their eggs to help a stranger have a child? Elaine Chong explains her reasons.‚Ä¶ https://t.co/ESYULAHKfM,0.4019,0.144,0.0,0.856,Fri Nov 24 21:17:06 +0000 2017
93,BBC,7,A population of finches on the Galapagos has been discovered in the process of becoming a new species. üê¶‚Ä¶ https://t.co/WbWSGc1zdu,0.0,0.0,0.0,1.0,Fri Nov 24 20:30:06 +0000 2017
94,BBC,6,"Janet sets the record straight. üòÇ

#PlanetJanet via @BBCTheSocial. https://t.co/H0xcUaIHfy",0.2263,0.192,0.0,0.808,Fri Nov 24 20:00:03 +0000 2017
95,BBC,5,‚úä @PussyRrriot's new immersive show lets the audience experience the realities of imprisonment.‚Ä¶ https://t.co/gjm0vheOT3,0.0,0.0,0.0,1.0,Fri Nov 24 19:35:04 +0000 2017
96,BBC,4,Did you know that all dolphins stranded on British shores must be offered to the Queen? Here are 8 unbelievable tru‚Ä¶ https://t.co/83YHgUq7Wi,0.2023,0.083,0.0,0.917,Fri Nov 24 18:57:03 +0000 2017
97,BBC,3,Oxford Circus Tube station: Police respond to reports of shots fired. https://t.co/fk8KjpyQGf https://t.co/GHGtGogOIO,-0.5574,0.0,0.231,0.769,Fri Nov 24 17:37:03 +0000 2017
98,BBC,2,"RT @BBCBreaking: Everyone on Oxford Street told to go into a building while incident ongoing, London police say https://t.co/tiPTYyJaP6",0.0,0.0,0.0,1.0,Fri Nov 24 17:20:10 +0000 2017
99,BBC,1,"From being surprised by a polar bear to getting grabbed by a walrus underwater, wildlife cameraman @DougAllanCamera‚Ä¶ https://t.co/gm81fAozaH",0.2263,0.112,0.0,0.888,Fri Nov 24 16:35:04 +0000 2017
100,CNN,100,Police in Beijing have detained a teacher as they investigate allegations that children were drugged and molested a‚Ä¶ https://t.co/IjJsHNQMjR,-0.6808,0.0,0.259,0.741,Sun Nov 26 21:30:05 +0000 2017
101,CNN,99,Democratic Sen. Al Franken says he's 'embarrassed and ashamed' over groping allegations https://t.co/J5VOhKhXo6 https://t.co/BPXTzBqsJx,-0.6808,0.0,0.318,0.682,Sun Nov 26 21:15:11 +0000 2017
102,CNN,98,"Former ""Glee"" star Naya Rivera has been charged with domestic battery https://t.co/NmPqsHkeWT https://t.co/vLkf1B6VPC",-0.2023,0.0,0.13,0.87,Sun Nov 26 21:00:14 +0000 2017
103,CNN,97,Take a look at everything that happened this week in politics https://t.co/cjYGvZpaeM https://t.co/6MswSp8fkp,0.0,0.0,0.0,1.0,Sun Nov 26 20:45:11 +0000 2017
104,CNN,96,"Rohingya crisis: 'It's not genocide,' say Myanmar's hardline monks https://t.co/PX5efOLKp7 https://t.co/IQP1pmFa0I",-0.6249,0.0,0.291,0.709,Sun Nov 26 20:30:10 +0000 2017
105,CNN,95,The Popocat√©petl volcano in central Mexico recently erupted three times in one day. https://t.co/s4k5u2uJ9K https://t.co/zYU8kzYYGT,0.0,0.0,0.0,1.0,Sun Nov 26 20:16:34 +0000 2017
106,CNN,94,The 25 to 30 men who carried out the attack on a mosque in Eqypt wore military uniforms and arrived in SUVs‚Ä¶ https://t.co/uTUtdjayp6,-0.4767,0.0,0.129,0.871,Sun Nov 26 20:00:06 +0000 2017
107,CNN,93,Pakistani law minister apologizes to protesters for provoking outrage as street tensions simmer‚Ä¶ https://t.co/7Mj9a73nCy,-0.7351,0.118,0.458,0.425,Sun Nov 26 19:45:09 +0000 2017
108,CNN,92,France edges Belgium 3-2 to win the Davis Cup for the 10th time https://t.co/kdxgjFddGt https://t.co/P0cYwUSQcj,0.5859,0.213,0.0,0.787,Sun Nov 26 19:30:17 +0000 2017
109,CNN,91,Republican Sen. Lindsey Graham bemoans President Trump's support for Alabama Senate candidate Roy Moore‚Ä¶ https://t.co/0wYFO7HKNc,0.4019,0.162,0.0,0.838,Sun Nov 26 19:04:29 +0000 2017
110,CNN,90,Airstrikes in Syria have killed at least 57 people just two days before United Nations-facilitated peace talks‚Ä¶ https://t.co/XsZX4Oz7UE,0.2023,0.244,0.174,0.581,Sun Nov 26 19:00:16 +0000 2017
111,CNN,89,Formula One driver Valtteri Bottas takes victory in the Abu Dhabi Grand Prix https://t.co/hOHuJrvaJt https://t.co/If0r4JIA0J,0.4588,0.176,0.0,0.824,Sun Nov 26 18:45:06 +0000 2017
112,CNN,88,"""John Conyers is an icon in our country. He's done a great deal to protect women."" - House Minority Leader Nancy Pe‚Ä¶ https://t.co/igdmTRiA4C",0.7717,0.261,0.0,0.739,Sun Nov 26 18:30:10 +0000 2017
113,CNN,87,What do you remember from the week that was? Take the CNN news quiz. https://t.co/myqIegGELC https://t.co/EKRZwPurO6,0.0,0.0,0.0,1.0,Sun Nov 26 18:15:04 +0000 2017
114,CNN,86,A survivor of the attack on the Egyptian mosque that left 305 people dead says he hid under dead bodies to avoid de‚Ä¶ https://t.co/MQu400GZ27,-0.9153,0.072,0.44,0.489,Sun Nov 26 18:06:07 +0000 2017
115,CNN,85,JUST IN: Democratic Rep. John Conyers says he'll step down as ranking member of the House Judiciary Committee while‚Ä¶ https://t.co/sNntAQ1ulj,0.0,0.0,0.0,1.0,Sun Nov 26 17:46:01 +0000 2017
116,CNN,84,This is how President Trump plans to sell the tax reform bill on Capitol Hill https://t.co/SbpkWs9lqP https://t.co/nvU3fmiUqG,0.0,0.0,0.0,1.0,Sun Nov 26 17:37:22 +0000 2017
117,CNN,83,"Republican Sen. Lindsey Graham on passing tax reform: ""We'll get there because failure is not an option...""‚Ä¶ https://t.co/0g1uLFu24Z",-0.5106,0.0,0.163,0.837,Sun Nov 26 17:28:35 +0000 2017
118,CNN,82,"Pope Francis is preparing to visit Myanmar, a staunchly Buddhist country accused of horrifying acts of brutality ag‚Ä¶ https://t.co/XdlzvmvOK3",-0.872,0.0,0.398,0.602,Sun Nov 26 16:45:06 +0000 2017
119,CNN,81,British Prime Minister Theresa May has been warned to change course over Brexit and the Irish border‚Ä¶ https://t.co/QntZNUeam4,-0.2732,0.0,0.11,0.89,Sun Nov 26 16:30:09 +0000 2017
120,CNN,80,Police in Beijing have detained a teacher as they investigate allegations that children were drugged and molested a‚Ä¶ https://t.co/IjJsHNQMjR,-0.6808,0.0,0.259,0.741,Sun Nov 26 21:30:05 +0000 2017
121,CNN,79,Democratic Sen. Al Franken says he's 'embarrassed and ashamed' over groping allegations https://t.co/J5VOhKhXo6 https://t.co/BPXTzBqsJx,-0.6808,0.0,0.318,0.682,Sun Nov 26 21:15:11 +0000 2017
122,CNN,78,"Former ""Glee"" star Naya Rivera has been charged with domestic battery https://t.co/NmPqsHkeWT https://t.co/vLkf1B6VPC",-0.2023,0.0,0.13,0.87,Sun Nov 26 21:00:14 +0000 2017
123,CNN,77,Take a look at everything that happened this week in politics https://t.co/cjYGvZpaeM https://t.co/6MswSp8fkp,0.0,0.0,0.0,1.0,Sun Nov 26 20:45:11 +0000 2017
124,CNN,76,"Rohingya crisis: 'It's not genocide,' say Myanmar's hardline monks https://t.co/PX5efOLKp7 https://t.co/IQP1pmFa0I",-0.6249,0.0,0.291,0.709,Sun Nov 26 20:30:10 +0000 2017
125,CNN,75,The Popocat√©petl volcano in central Mexico recently erupted three times in one day. https://t.co/s4k5u2uJ9K https://t.co/zYU8kzYYGT,0.0,0.0,0.0,1.0,Sun Nov 26 20:16:34 +0000 2017
126,CNN,74,The 25 to 30 men who carried out the attack on a mosque in Eqypt wore military uniforms and arrived in SUVs‚Ä¶ https://t.co/uTUtdjayp6,-0.4767,0.0,0.129,0.871,Sun Nov 26 20:00:06 +0000 2017
127,CNN,73,Pakistani law minister apologizes to protesters for provoking outrage as street tensions simmer‚Ä¶ https://t.co/7Mj9a73nCy,-0.7351,0.118,0.458,0.425,Sun Nov 26 19:45:09 +0000 2017
128,CNN,72,France edges Belgium 3-2 to win the Davis Cup for the 10th time https://t.co/kdxgjFddGt https://t.co/P0cYwUSQcj,0.5859,0.213,0.0,0.787,Sun Nov 26 19:30:17 +0000 2017
129,CNN,71,Republican Sen. Lindsey Graham bemoans President Trump's support for Alabama Senate candidate Roy Moore‚Ä¶ https://t.co/0wYFO7HKNc,0.4019,0.162,0.0,0.838,Sun Nov 26 19:04:29 +0000 2017
130,CNN,70,Airstrikes in Syria have killed at least 57 people just two days before United Nations-facilitated peace talks‚Ä¶ https://t.co/XsZX4Oz7UE,0.2023,0.244,0.174,0.581,Sun Nov 26 19:00:16 +0000 2017
131,CNN,69,Formula One driver Valtteri Bottas takes victory in the Abu Dhabi Grand Prix https://t.co/hOHuJrvaJt https://t.co/If0r4JIA0J,0.4588,0.176,0.0,0.824,Sun Nov 26 18:45:06 +0000 2017
132,CNN,68,"""John Conyers is an icon in our country. He's done a great deal to protect women."" - House Minority Leader Nancy Pe‚Ä¶ https://t.co/igdmTRiA4C",0.7717,0.261,0.0,0.739,Sun Nov 26 18:30:10 +0000 2017
133,CNN,67,What do you remember from the week that was? Take the CNN news quiz. https://t.co/myqIegGELC https://t.co/EKRZwPurO6,0.0,0.0,0.0,1.0,Sun Nov 26 18:15:04 +0000 2017
134,CNN,66,A survivor of the attack on the Egyptian mosque that left 305 people dead says he hid under dead bodies to avoid de‚Ä¶ https://t.co/MQu400GZ27,-0.9153,0.072,0.44,0.489,Sun Nov 26 18:06:07 +0000 2017
135,CNN,65,JUST IN: Democratic Rep. John Conyers says he'll step down as ranking member of the House Judiciary Committee while‚Ä¶ https://t.co/sNntAQ1ulj,0.0,0.0,0.0,1.0,Sun Nov 26 17:46:01 +0000 2017
136,CNN,64,This is how President Trump plans to sell the tax reform bill on Capitol Hill https://t.co/SbpkWs9lqP https://t.co/nvU3fmiUqG,0.0,0.0,0.0,1.0,Sun Nov 26 17:37:22 +0000 2017
137,CNN,63,"Republican Sen. Lindsey Graham on passing tax reform: ""We'll get there because failure is not an option...""‚Ä¶ https://t.co/0g1uLFu24Z",-0.5106,0.0,0.163,0.837,Sun Nov 26 17:28:35 +0000 2017
138,CNN,62,"Pope Francis is preparing to visit Myanmar, a staunchly Buddhist country accused of horrifying acts of brutality ag‚Ä¶ https://t.co/XdlzvmvOK3",-0.872,0.0,0.398,0.602,Sun Nov 26 16:45:06 +0000 2017
139,CNN,61,British Prime Minister Theresa May has been warned to change course over Brexit and the Irish border‚Ä¶ https://t.co/QntZNUeam4,-0.2732,0.0,0.11,0.89,Sun Nov 26 16:30:09 +0000 2017
140,CNN,60,An asymmetrical war against the press https://t.co/B2FpROEUed (via @CNNOpinion) https://t.co/o8YCVQXZ1d,-0.5994,0.0,0.302,0.698,Sun Nov 26 16:15:12 +0000 2017
141,CNN,59,"US lawmakers are in for busy week.
‚ñ† President Trump is expected to make a trip to Capitol Hill.
‚ñ† Congress is faci‚Ä¶ https://t.co/rlrZb5qZzd",0.0,0.0,0.0,1.0,Sun Nov 26 16:00:08 +0000 2017
142,CNN,58,Skiers mourned the death of fellow racer David Poisson earlier this month as Switzerland's Beat Feuz won the men's‚Ä¶ https://t.co/yIjufET5Pm,-0.3612,0.138,0.23,0.632,Sun Nov 26 15:45:12 +0000 2017
143,CNN,57,Volcanic eruptions on the Indonesian resort island of Bali have shut down flights and sent residents scurrying to s‚Ä¶ https://t.co/o4qMNnivg6,0.0,0.0,0.0,1.0,Sun Nov 26 15:30:12 +0000 2017
144,CNN,56,"The S&amp;P 500 has hit a new record by going without a 3% or more retreat in one day since November 4, 2016, four days‚Ä¶ https://t.co/mrETbAPpES",0.2716,0.083,0.0,0.917,Sun Nov 26 15:19:06 +0000 2017
145,CNN,55,"Hate crimes in the United States have increased to a point not seen in recent history, according to a new statistic‚Ä¶ https://t.co/h1A3ZVDBt4",0.0516,0.191,0.145,0.664,Sun Nov 26 15:00:22 +0000 2017
146,CNN,54,Democratic mega-donor Tom Steyer on criticism of his Trump impeachment campaign: ‚ÄúWhat we‚Äôre doing is providing a v‚Ä¶ https://t.co/Mi3gJrkXre,-0.4404,0.0,0.146,0.854,Sun Nov 26 14:58:00 +0000 2017
147,CNN,53,Bill Gates has a new mission: To find a cure for Alzheimer's https://t.co/KV29jnMcMS https://t.co/3Cr1yUFTAz,0.0,0.0,0.0,1.0,Sun Nov 26 14:45:02 +0000 2017
148,CNN,52,"""It's very important and urgent that we get him out of office,"" says Democratic mega donor Tom Steyer after funding‚Ä¶ https://t.co/zaMaNWhol3",0.4865,0.18,0.0,0.82,Sun Nov 26 14:45:00 +0000 2017
149,CNN,51,Sen. Graham urges the Trump administration to impose Russia sanctions: ‚ÄúIf you don‚Äôt you‚Äôre creating a problem for‚Ä¶ https://t.co/lAN5lZ4WUR,-0.4019,0.1,0.222,0.679,Sun Nov 26 14:33:00 +0000 2017
150,CNN,50,"Cards Against Humanity, a card game company known for its attention-seeking pranks, says it bought land on the US-M‚Ä¶ https://t.co/hpPLCV3Wua",0.0,0.0,0.0,1.0,Sun Nov 26 14:30:13 +0000 2017
151,CNN,49,"""Al Franken has acknowledged what he did was wrong,"" says Sen. Dick Durbin after @DanaBashCNN asks if Sen. Franken‚Ä¶ https://t.co/kKSYOxfapx",-0.5106,0.0,0.148,0.852,Sun Nov 26 14:23:45 +0000 2017
152,CNN,48,"""Al Franken has acknowledged what he did was wrong,"" says Sen. Dick Durbin after @DanaBashCNN asks if Franken shoul‚Ä¶ https://t.co/AnS3NPoskp",-0.5106,0.0,0.148,0.852,Sun Nov 26 14:16:21 +0000 2017
153,CNN,47,"Puerto Rico says only 55 died from Hurricane Maria, but funeral homes claim the number should be nine times higher.‚Ä¶ https://t.co/NaFLp6ZiKi",-0.6249,0.058,0.222,0.72,Sun Nov 26 14:15:02 +0000 2017
154,CNN,46,"Sen. Lindsey Graham on Roy Moore: ""If he wins we get the baggage of him winning and it becomes a story everyday abo‚Ä¶ https://t.co/PT6jTWZaz4",0.7964,0.253,0.0,0.747,Sun Nov 26 14:13:44 +0000 2017
155,CNN,45,"GOP Sen. Lindsey Graham: ""I think most Americans want to give Dream Act kids a more certain life"" #CNNSOTU https://t.co/s7hnbdkbvN",0.6087,0.272,0.0,0.728,Sun Nov 26 14:11:23 +0000 2017
156,CNN,44,Sen. Lindsey Graham: ‚ÄúThe economy needs the tax cut and the Republican Party needs to deliver. So I think we‚Äôll get‚Ä¶ https://t.co/FUr6uoeL5C,0.1531,0.113,0.088,0.798,Sun Nov 26 14:10:49 +0000 2017
157,CNN,43,"""I'm a tough nut to crack"": Meet the Jesuit priest who helped persuade Robert Mugabe to relinquish power. https://t.co/JxwBiR2yF8",-0.128,0.0,0.081,0.919,Sun Nov 26 14:05:07 +0000 2017
158,CNN,42,"More than 16,000 scientists have signed a dire warning to humanity advising that we need to fix our environmental p‚Ä¶ https://t.co/6vs6QF7YdM",-0.6597,0.0,0.231,0.769,Sun Nov 26 14:00:29 +0000 2017
159,CNN,41,"Portraits of Queen Elizabeth II and her husband, the Duke of Edinburgh Prince Philip, have been released to celebra‚Ä¶ https://t.co/78HR6TNo6q",0.0,0.0,0.0,1.0,Sun Nov 26 13:45:14 +0000 2017
160,CNN,40,A man who survived the Las Vegas shooting has been killed just weeks later in a hit-and-run in Southern Nevada.‚Ä¶ https://t.co/5XBmhdCGE6,-0.296,0.133,0.181,0.685,Sun Nov 26 13:44:23 +0000 2017
161,CNN,39,A diary written by John Lennon that was stolen from his widow Yoko Ono over a decade ago has been found by police i‚Ä¶ https://t.co/9gsdehis3Q,-0.4939,0.0,0.127,0.873,Sun Nov 26 13:30:26 +0000 2017
162,CNN,38,This 14-year-old former ISIS child soldier is being deradicalized -- by going back to school https://t.co/EhldNvNiTX https://t.co/d2nWheG1pP,0.0,0.0,0.0,1.0,Sun Nov 26 13:00:19 +0000 2017
163,CNN,37,Seth Meyers to host the 75th Annual Golden Globe Awards https://t.co/WnIqUgADVy https://t.co/iNM7F5EspE,0.4588,0.214,0.0,0.786,Sun Nov 26 12:30:15 +0000 2017
164,CNN,36,"More than 16,000 scientists have signed a dire warning to humanity advising that we need to fix our environmental p‚Ä¶ https://t.co/bnYRdwH1ON",-0.6597,0.0,0.231,0.769,Sun Nov 26 12:15:04 +0000 2017
165,CNN,35,Mexico is raising its minimum wage to $4.70 a day https://t.co/M7VNPijQQD https://t.co/ALFfbvrMEo,0.0,0.0,0.0,1.0,Sun Nov 26 12:00:18 +0000 2017
166,CNN,34,Bill Gates has a new mission: To find a cure for Alzheimer's https://t.co/Mccrm4LQc5 https://t.co/vc63cib2bz,0.0,0.0,0.0,1.0,Sun Nov 26 11:45:07 +0000 2017
167,CNN,33,A high court in South Africa increased Oscar Pistorius' prison sentence to 13 years and five months for the murder‚Ä¶ https://t.co/SydTo5BOlx,-0.2263,0.143,0.139,0.717,Sun Nov 26 11:30:16 +0000 2017
168,CNN,32,"Cards Against Humanity, a card game company known for its attention-seeking pranks, says it bought land on the US-M‚Ä¶ https://t.co/Ft07IlegFm",0.0,0.0,0.0,1.0,Sun Nov 26 11:15:03 +0000 2017
169,CNN,31,"Tesla has ""fully installed"" the world's largest lithium ion battery in South Australia, the state government said.‚Ä¶ https://t.co/K2cwrUkA0D",0.0,0.0,0.0,1.0,Sun Nov 26 11:00:18 +0000 2017
170,CNN,30,"Atlanta's Georgia Dome was destroyed earlier this week in a scheduled implosion with 4,300 pounds of TNT, after 25‚Ä¶ https://t.co/EnkQz9fQNG",-0.4939,0.0,0.151,0.849,Sun Nov 26 10:45:15 +0000 2017
171,CNN,29,Activists built a Holocaust memorial outside the home of a German politician to protest his call for Germany to sto‚Ä¶ https://t.co/xRQT70QRjh,-0.25,0.0,0.1,0.9,Sun Nov 26 10:30:15 +0000 2017
172,CNN,28,"""He went into a burning plane to save us"": When a small plane fell from the sky and hit firefighter John Meffert's‚Ä¶ https://t.co/Z4HAp2ljdh",0.4939,0.138,0.0,0.862,Sun Nov 26 10:15:05 +0000 2017
173,CNN,27,"Why the case of a woman named Cyntoia Brown, who is serving a life sentence in prison, has ignited new interest‚Ä¶ https://t.co/rF2ECjyTZq",-0.4588,0.058,0.146,0.796,Sun Nov 26 10:00:21 +0000 2017
174,CNN,26,The US Navy has identified three sailors who went missing after their plane crashed into the Philippine Sea‚Ä¶ https://t.co/ZdMIt2Wn4L,-0.296,0.0,0.109,0.891,Sun Nov 26 09:45:07 +0000 2017
175,CNN,25,"A couple from New Jersey raised over $280,000 for a homeless man who spent his last $20 to do a selfless deed https://t.co/Xqf1Lsxhpq",0.0,0.0,0.0,1.0,Sun Nov 26 09:30:03 +0000 2017
176,CNN,24,Inside President Trump's obsession with being Time's 'Person of the Year' https://t.co/0az3BGoEP7 | Analysis by CNN‚Ä¶ https://t.co/GK0ElmO68r,-0.34,0.0,0.138,0.862,Sun Nov 26 09:15:06 +0000 2017
177,CNN,23,This video shows a man's final moments before he was fatally shot outside his home in Nashville. His son released t‚Ä¶ https://t.co/kqm9PiV5EF,-0.6369,0.0,0.174,0.826,Sun Nov 26 09:02:42 +0000 2017
178,CNN,22,70% of Americans ‚Äî with majorities in both parties ‚Äî think that Puerto Rico is not getting the help it needs in the‚Ä¶ https://t.co/fRamtlHm8u,0.1134,0.108,0.09,0.801,Sun Nov 26 08:45:12 +0000 2017
179,CNN,21,"Meet 'Oumuamua, a cigar-shaped asteroid that is the first observed interstellar visitor to our solar system‚Ä¶ https://t.co/AxPZjlhvZX",0.0,0.0,0.0,1.0,Sun Nov 26 08:30:14 +0000 2017
180,CNN,20,"Ross 128 b is a newly discovered exoplanet, the second-closest found to our solar system, only 11 light-years away.‚Ä¶ https://t.co/3whigSInOT",0.0,0.0,0.0,1.0,Sun Nov 26 08:15:04 +0000 2017
181,CNN,19,"Roy Moore campaign strategist Dean Young: ""We believe Judge Moore. We don't believe these women. It's just that sim‚Ä¶ https://t.co/fUFleYOFp6",0.0,0.0,0.0,1.0,Sun Nov 26 08:01:07 +0000 2017
182,CNN,18,"Meet 'Oumuamua, a cigar-shaped asteroid that is the first observed interstellar visitor to our solar system‚Ä¶ https://t.co/3vm8kK1UJ8",0.0,0.0,0.0,1.0,Sun Nov 26 07:45:04 +0000 2017
183,CNN,17,Britain has officially abandoned its claim to be the world's fifth largest economy https://t.co/72vPQ8UdxB https://t.co/9w4XvxhI7G,-0.4588,0.0,0.176,0.824,Sun Nov 26 07:30:15 +0000 2017
184,CNN,16,"Puerto Rico says only 55 died from Hurricane Maria, but funeral homes claim the number should be nine times higher.‚Ä¶ https://t.co/fKqEHhEDGp",-0.6249,0.058,0.222,0.72,Sun Nov 26 07:15:06 +0000 2017
185,CNN,15,"Rep. Mike Quigley reacts to President Trump's comments about Roy Moore: ""To paraphrase his own daughter, there's a‚Ä¶ https://t.co/z15rhuhcbK",0.0,0.0,0.0,1.0,Sun Nov 26 07:01:05 +0000 2017
186,CNN,14,"This sanctuary in Chiang Mai, Thailand, rescues and rehabilitates elephants https://t.co/c04ltSfvAL https://t.co/U4XYk0JhiM",0.3182,0.173,0.0,0.827,Sun Nov 26 06:46:30 +0000 2017
187,CNN,13,"This sanctuary in Chiang Mai, Thailand, rescues and rehabilitates elephants https://t.co/ViRvQGiY8t https://t.co/EZYkT4jm5t",0.3182,0.173,0.0,0.827,Sun Nov 26 06:31:45 +0000 2017
188,CNN,12,"Jacob Thompson, the boy who got thousands of early Christmas cards, has died after a long battle with cancer‚Ä¶ https://t.co/xDPY5zMOBF",-0.7351,0.0,0.267,0.733,Sun Nov 26 06:16:04 +0000 2017
189,CNN,11,"Atlanta's Georgia Dome was destroyed last week in a scheduled implosion with 4,300 pounds of TNT, after 25 years of‚Ä¶ https://t.co/n4ljXiLgcF",-0.4939,0.0,0.144,0.856,Sun Nov 26 06:00:42 +0000 2017
190,CNN,10,Maternal mortality is the shame of US health care (via @CNNOpinion) https://t.co/PTqIQmrNLk https://t.co/w4b0JYyTjv,0.0258,0.185,0.179,0.636,Sun Nov 26 05:45:04 +0000 2017
191,CNN,9,"Artificial light is contributing to an alarming rise in light pollution worldwide, affecting our ecosystem and slee‚Ä¶ https://t.co/0StQnePeiW",-0.128,0.0,0.081,0.919,Sun Nov 26 05:30:07 +0000 2017
192,CNN,8,"LaVar Ball on why he didn‚Äôt thank President Trump for bringing his son, LiAngelo Ball, home: ‚ÄúI would‚Äôve said thank‚Ä¶ https://t.co/9gf9A7u7lh",0.3612,0.111,0.0,0.889,Sun Nov 26 05:16:26 +0000 2017
193,CNN,7,"New portraits of Queen Elizabeth II and her husband, the Duke of Edinburgh Prince Philip, were released to celebrat‚Ä¶ https://t.co/6lATp3kS2o",0.0,0.0,0.0,1.0,Sun Nov 26 05:00:19 +0000 2017
194,CNN,6,"LaVar Ball, father of UCLA player LiAngelo Ball, says he did more to help his son than President Trump: ""I helped m‚Ä¶ https://t.co/qRmPM6RfGj",0.4549,0.119,0.0,0.881,Sun Nov 26 04:45:36 +0000 2017
195,CNN,5,A surprise bidder has proposed to buy the Weinstein Co. and turn it into a studio run by women‚Ä¶ https://t.co/2ERkSylEio,0.2732,0.11,0.0,0.89,Sun Nov 26 04:30:15 +0000 2017
196,CNN,4,"""If you help, you shouldn't have to say anything,"" says LaVar Ball, father of UCLA basketball player LiAngelo Ball,‚Ä¶ https://t.co/32OmL0HN63",0.4019,0.124,0.0,0.876,Sun Nov 26 04:15:44 +0000 2017
197,CNN,3,"Dozens of women who've worked on ""Saturday Night Live"" have signed a statement in support of Al Franken‚Ä¶ https://t.co/FBMF9Wgw8y",0.4019,0.137,0.0,0.863,Sun Nov 26 04:00:27 +0000 2017
198,CNN,2,"""He fessed up to it. ... It was an impulse thing, a bad decision at a bad time, that's all it was for an 18-year-ol‚Ä¶ https://t.co/99q74Lng7D",-0.7906,0.0,0.241,0.759,Sun Nov 26 03:46:02 +0000 2017
199,CNN,1,"France has requested an ""urgent"" meeting of the UN Security Council concerning the sale of migrants at slave auctio‚Ä¶ https://t.co/ihy8qNV7St",0.34,0.112,0.0,0.888,Sun Nov 26 03:30:09 +0000 2017
200,CBS,100,"In 2 days, supermodels like @BellaHadid will strut the runway in Shanghai at the 2017 #VSFashionShow, Tues @ 10/9c‚Ä¶ https://t.co/Bx7ou8GgSc",0.3612,0.128,0.0,0.872,Sun Nov 26 21:01:23 +0000 2017
201,CBS,99,"Uh, look out! Bruno Mars: 24K Magic Live at the Apollo airs Wednesday at 10/9c on CBS and CBS All Access! https://t.co/l4slX4oNou",0.0,0.0,0.0,1.0,Sun Nov 26 15:00:05 +0000 2017
202,CBS,98,"In one week, celebrate with Carol Burnett &amp; friends with The Carol Burnett 50th Anniversary Special, Sunday, Dec. 3‚Ä¶ https://t.co/mlZQYYYGik",0.8591,0.358,0.0,0.642,Sun Nov 26 12:00:01 +0000 2017
203,CBS,97,'Robbie the Reindeer: Hooves of Fire' &amp; 'Robbie the Reindeer: Legend of the Lost Tribe' features the voices of Ben‚Ä¶ https://t.co/5fVvEgbUen,-0.5719,0.0,0.198,0.802,Sun Nov 26 05:26:40 +0000 2017
204,CBS,96,Celebrate with a classic holiday special tonight! Watch The Story of Santa Claus at 9/8c on CBS &amp; CBS All Access:‚Ä¶ https://t.co/JKHhuGQz19,0.8553,0.343,0.0,0.657,Sun Nov 26 01:00:08 +0000 2017
205,CBS,95,"Tonight, watch two holiday specials w/ Robbie the Reindeer: Hooves of Fire starting @ 8/7c on CBS &amp; CBS All Access:‚Ä¶ https://t.co/YT3norBieN",0.0772,0.112,0.1,0.788,Sat Nov 25 23:30:01 +0000 2017
206,CBS,94,"Only 3 more days until the Angels take flight in Shanghai! Watch the #VSFashionShow Tues, Nov. 28 @ 10/9c on CBS &amp;‚Ä¶ https://t.co/OK12P30i8k",0.0,0.0,0.0,1.0,Sat Nov 25 21:59:01 +0000 2017
207,CBS,93,Come along as Victoria's Secret top execs share an exclusive inside look behind the 2017 #VSFashionShow! Tune in Tu‚Ä¶ https://t.co/jae1jA5jXL,0.5848,0.254,0.0,0.746,Sat Nov 25 20:56:31 +0000 2017
208,CBS,92,"In 4 days, let Bruno Mars light up your night with Bruno Mars: 24K Magic Live at the Apollo, Wednesday at 10/9c on‚Ä¶ https://t.co/mQoZppXcDH",0.0,0.0,0.0,1.0,Sat Nov 25 15:00:07 +0000 2017
209,CBS,91,Don't miss Angel Lais Ribeiro hit the runway in the 2017 Champagne Nights Fantasy Bra! Watch the #VSFashionShow Tue‚Ä¶ https://t.co/qK9ZGXQsWA,0.4471,0.179,0.0,0.821,Sat Nov 25 12:00:06 +0000 2017
210,CBS,90,Relive all the incredible music memories from 'GRAMMYs¬Æ Greatest Stories: A 60th Anniversary Special'. Watch it now‚Ä¶ https://t.co/t0LarCTxO1,0.6369,0.208,0.0,0.792,Sat Nov 25 08:07:03 +0000 2017
211,CBS,89,"Keep the holiday spirit alive and watch Frosty Returns tonight at 8:30/7:30c on CBS, or stream it on CBS All Access‚Ä¶ https://t.co/GMq5MoTt0h",0.7184,0.269,0.0,0.731,Sat Nov 25 01:00:03 +0000 2017
212,CBS,88,"Watch these musical Christmas classics come to life when Frosty the Snowman and Frosty Returns air tonight, startin‚Ä¶ https://t.co/OwKCQbBDxu",0.0,0.0,0.0,1.0,Sat Nov 25 00:43:31 +0000 2017
213,CBS,87,"Tonight, take a trip down music memory lane with 'GRAMMYs¬Æ Greatest Stories: A 60th Anniversary Special' at 9/8c on‚Ä¶ https://t.co/kqGJCqKFLN",0.7845,0.301,0.0,0.699,Fri Nov 24 23:37:02 +0000 2017
214,CBS,86,"Discover the 15 most innovative wings from the #VSFashionShow, ever! Tune in Tues @ 10/9c on CBS &amp; CBS All Access.‚Ä¶ https://t.co/YoEZ4mMjGG",0.54,0.148,0.0,0.852,Fri Nov 24 15:00:03 +0000 2017
215,CBS,85,CBS is back on DISH! We are pleased that DISH customers will continue to watch America‚Äôs #1 Network incl. @NFLonCBS‚Ä¶ https://t.co/UDFrAMuYaF,0.4926,0.138,0.0,0.862,Fri Nov 24 14:56:13 +0000 2017
216,CBS,84,Stream the Missouri Tigers @ Arkansas Razorbacks LIVE today at 2:30PM ET!  Try #CBSAllAccess FREE:‚Ä¶ https://t.co/C3HvEyEXYt,0.0,0.0,0.0,1.0,Fri Nov 24 13:57:14 +0000 2017
217,CBS,83,"Here's how to watch GRAMMYs¬Æ Greatest Stories: A 60th Anniversary Special, tonight at 9/8c on CBS &amp; CBS All Access:‚Ä¶ https://t.co/FROGSUmh6F",0.7845,0.277,0.0,0.723,Fri Nov 24 12:00:01 +0000 2017
218,CBS,82,"Revist some of last year's most incredible looks and get excited for the 2017 Victoria's Secret Fashion Show, Tuesd‚Ä¶ https://t.co/BSgfQFFino",0.34,0.112,0.0,0.888,Thu Nov 23 20:18:29 +0000 2017
219,CBS,81,Stream the Los Angeles Chargers @ Dallas Cowboys LIVE today at 4:30PM ET! Try #CBSAllAccess FREE (not available on‚Ä¶ https://t.co/iBIvCQ5Jsf,0.6514,0.194,0.0,0.806,Thu Nov 23 17:15:35 +0000 2017
220,CBS,80,"In 2 days, supermodels like @BellaHadid will strut the runway in Shanghai at the 2017 #VSFashionShow, Tues @ 10/9c‚Ä¶ https://t.co/Bx7ou8GgSc",0.3612,0.128,0.0,0.872,Sun Nov 26 21:01:23 +0000 2017
221,CBS,79,"Uh, look out! Bruno Mars: 24K Magic Live at the Apollo airs Wednesday at 10/9c on CBS and CBS All Access! https://t.co/l4slX4oNou",0.0,0.0,0.0,1.0,Sun Nov 26 15:00:05 +0000 2017
222,CBS,78,"In one week, celebrate with Carol Burnett &amp; friends with The Carol Burnett 50th Anniversary Special, Sunday, Dec. 3‚Ä¶ https://t.co/mlZQYYYGik",0.8591,0.358,0.0,0.642,Sun Nov 26 12:00:01 +0000 2017
223,CBS,77,'Robbie the Reindeer: Hooves of Fire' &amp; 'Robbie the Reindeer: Legend of the Lost Tribe' features the voices of Ben‚Ä¶ https://t.co/5fVvEgbUen,-0.5719,0.0,0.198,0.802,Sun Nov 26 05:26:40 +0000 2017
224,CBS,76,Celebrate with a classic holiday special tonight! Watch The Story of Santa Claus at 9/8c on CBS &amp; CBS All Access:‚Ä¶ https://t.co/JKHhuGQz19,0.8553,0.343,0.0,0.657,Sun Nov 26 01:00:08 +0000 2017
225,CBS,75,"Tonight, watch two holiday specials w/ Robbie the Reindeer: Hooves of Fire starting @ 8/7c on CBS &amp; CBS All Access:‚Ä¶ https://t.co/YT3norBieN",0.0772,0.112,0.1,0.788,Sat Nov 25 23:30:01 +0000 2017
226,CBS,74,"Only 3 more days until the Angels take flight in Shanghai! Watch the #VSFashionShow Tues, Nov. 28 @ 10/9c on CBS &amp;‚Ä¶ https://t.co/OK12P30i8k",0.0,0.0,0.0,1.0,Sat Nov 25 21:59:01 +0000 2017
227,CBS,73,Come along as Victoria's Secret top execs share an exclusive inside look behind the 2017 #VSFashionShow! Tune in Tu‚Ä¶ https://t.co/jae1jA5jXL,0.5848,0.254,0.0,0.746,Sat Nov 25 20:56:31 +0000 2017
228,CBS,72,"In 4 days, let Bruno Mars light up your night with Bruno Mars: 24K Magic Live at the Apollo, Wednesday at 10/9c on‚Ä¶ https://t.co/mQoZppXcDH",0.0,0.0,0.0,1.0,Sat Nov 25 15:00:07 +0000 2017
229,CBS,71,Don't miss Angel Lais Ribeiro hit the runway in the 2017 Champagne Nights Fantasy Bra! Watch the #VSFashionShow Tue‚Ä¶ https://t.co/qK9ZGXQsWA,0.4471,0.179,0.0,0.821,Sat Nov 25 12:00:06 +0000 2017
230,CBS,70,Relive all the incredible music memories from 'GRAMMYs¬Æ Greatest Stories: A 60th Anniversary Special'. Watch it now‚Ä¶ https://t.co/t0LarCTxO1,0.6369,0.208,0.0,0.792,Sat Nov 25 08:07:03 +0000 2017
231,CBS,69,"Keep the holiday spirit alive and watch Frosty Returns tonight at 8:30/7:30c on CBS, or stream it on CBS All Access‚Ä¶ https://t.co/GMq5MoTt0h",0.7184,0.269,0.0,0.731,Sat Nov 25 01:00:03 +0000 2017
232,CBS,68,"Watch these musical Christmas classics come to life when Frosty the Snowman and Frosty Returns air tonight, startin‚Ä¶ https://t.co/OwKCQbBDxu",0.0,0.0,0.0,1.0,Sat Nov 25 00:43:31 +0000 2017
233,CBS,67,"Tonight, take a trip down music memory lane with 'GRAMMYs¬Æ Greatest Stories: A 60th Anniversary Special' at 9/8c on‚Ä¶ https://t.co/kqGJCqKFLN",0.7845,0.301,0.0,0.699,Fri Nov 24 23:37:02 +0000 2017
234,CBS,66,"Discover the 15 most innovative wings from the #VSFashionShow, ever! Tune in Tues @ 10/9c on CBS &amp; CBS All Access.‚Ä¶ https://t.co/YoEZ4mMjGG",0.54,0.148,0.0,0.852,Fri Nov 24 15:00:03 +0000 2017
235,CBS,65,CBS is back on DISH! We are pleased that DISH customers will continue to watch America‚Äôs #1 Network incl. @NFLonCBS‚Ä¶ https://t.co/UDFrAMuYaF,0.4926,0.138,0.0,0.862,Fri Nov 24 14:56:13 +0000 2017
236,CBS,64,Stream the Missouri Tigers @ Arkansas Razorbacks LIVE today at 2:30PM ET!  Try #CBSAllAccess FREE:‚Ä¶ https://t.co/C3HvEyEXYt,0.0,0.0,0.0,1.0,Fri Nov 24 13:57:14 +0000 2017
237,CBS,63,"Here's how to watch GRAMMYs¬Æ Greatest Stories: A 60th Anniversary Special, tonight at 9/8c on CBS &amp; CBS All Access:‚Ä¶ https://t.co/FROGSUmh6F",0.7845,0.277,0.0,0.723,Fri Nov 24 12:00:01 +0000 2017
238,CBS,62,"Revist some of last year's most incredible looks and get excited for the 2017 Victoria's Secret Fashion Show, Tuesd‚Ä¶ https://t.co/BSgfQFFino",0.34,0.112,0.0,0.888,Thu Nov 23 20:18:29 +0000 2017
239,CBS,61,Stream the Los Angeles Chargers @ Dallas Cowboys LIVE today at 4:30PM ET! Try #CBSAllAccess FREE (not available on‚Ä¶ https://t.co/iBIvCQ5Jsf,0.6514,0.194,0.0,0.806,Thu Nov 23 17:15:35 +0000 2017
240,CBS,60,Happy Thanksgiving! Watch @KelseaBallerini perform today on The Thanksgiving Day Parade on CBS:‚Ä¶ https://t.co/2mT5804Sjf,0.6114,0.235,0.0,0.765,Thu Nov 23 15:07:33 +0000 2017
241,CBS,59,RT @startrekcbs: Indulge yourself and binge-watch Chapter 1 of #StarTrekDiscovery on CBS All Access. Catch up now: https://t.co/XlQOtieVMM‚Ä¶,0.0,0.0,0.0,1.0,Wed Nov 22 23:08:26 +0000 2017
242,CBS,58,"Tomorrow, kick off your holiday with The Thanksgiving Day Parade on CBS! See the full lineup of holiday specials:‚Ä¶ https://t.co/BQtMHn61B5",0.69,0.24,0.0,0.76,Wed Nov 22 22:45:04 +0000 2017
243,CBS,57,"Watch @edsheeran reflect on his first performance at the 2013 #GRAMMYs alongside his mentor, Elton John.‚Ä¶ https://t.co/Rl0Y84wHId",0.0,0.0,0.0,1.0,Wed Nov 22 21:18:51 +0000 2017
244,CBS,56,RT @BullCBS: Dr. #Bull is flying solo on this case. Stream the latest episode now: https://t.co/gtFEWEAeqP https://t.co/PdgizNE8eK,0.0,0.0,0.0,1.0,Wed Nov 22 20:44:16 +0000 2017
245,CBS,55,"Here's your first look at the 2017 Victoria's Secret Fashion Show! Tune in Tues, Nov. 28 @ 10/9c.‚Ä¶ https://t.co/L4CG784gKf",0.0,0.0,0.0,1.0,Wed Nov 22 17:45:04 +0000 2017
246,CBS,54,"Only one week until you can dance the night away with Bruno Mars: 24K Magic Live at the Apollo Wed, Nov. 29 @ 10/9c‚Ä¶ https://t.co/ZgODJ387QJ",0.0,0.0,0.0,1.0,Wed Nov 22 15:00:08 +0000 2017
247,CBS,53,Join @CarrieUnderwood &amp; @JohnLegend for 'GRAMMYs¬Æ Greatest Stories: A 60th Anniversary Special' this Friday @ 9/8c‚Ä¶ https://t.co/lAvhR1j66W,0.8442,0.431,0.0,0.569,Wed Nov 22 12:00:05 +0000 2017
248,CBS,52,"In one week, don't miss the fashion and fun when the Victoria's Secret Fashion Show heads to China on Tues, Nov. 28‚Ä¶ https://t.co/VHMZYJS38B",0.5781,0.184,0.0,0.816,Tue Nov 21 22:09:07 +0000 2017
249,CBS,51,"GRAMMY winner @blakeshelton recalls his performance with country legends @merlehaggard, Kris Kristofferson &amp;‚Ä¶ https://t.co/8RfFVRgYXb",0.5859,0.226,0.0,0.774,Tue Nov 21 21:33:24 +0000 2017
250,CBS,50,Are you ready for the concert event of the year? Bruno Mars: 24K Magic Live at the Apollo is coming to CBS on Wedne‚Ä¶ https://t.co/OBI6LtE4d1,0.3612,0.094,0.0,0.906,Tue Nov 21 20:17:35 +0000 2017
251,CBS,49,"@r0bb2011 @alexmobbin We are working hard towards a resolution. In the meantime, visit https://t.co/dfpd89QvNj for‚Ä¶ https://t.co/Dji31Jh9Tm",-0.1027,0.0,0.091,0.909,Tue Nov 21 19:53:08 +0000 2017
252,CBS,48,"@DesireeDesireea @lilnorthrnchick @CBSNews We are working hard towards a resolution. In the meantime, visit‚Ä¶ https://t.co/uSA0jZRGr6",-0.1027,0.0,0.097,0.903,Tue Nov 21 19:51:56 +0000 2017
253,CBS,47,"Less than two weeks until you can revisit the magic with 'The Carol Burnett 50th Anniversary Special' Sunday, Dec.‚Ä¶ https://t.co/Ikur8XhUsT",0.4019,0.124,0.0,0.876,Tue Nov 21 14:52:23 +0000 2017
254,CBS,46,"Christina Aguilera (@xtina) tells the candid story about her intimate, vulnerable performance of ""Beautiful"" at the‚Ä¶ https://t.co/903yuTNrF7",-0.2263,0.0,0.106,0.894,Tue Nov 21 12:03:01 +0000 2017
255,CBS,45,DISH customers: DISH has dropped CBS.  Call 1-855-5-Keep-Us to tell them to keep CBS.  Stay informed at https://t.co/dfpd89QvNj,0.0,0.0,0.0,1.0,Tue Nov 21 06:57:32 +0000 2017
256,CBS,44,"Don't miss BRUNO MARS: 24K MAGIC LIVE AT THE APOLLO Wednesday, Nov. 29 at 10/9c on CBS &amp; CBS All Access! https://t.co/2fCyDsaiqL",0.1867,0.076,0.0,0.924,Tue Nov 21 01:27:25 +0000 2017
257,CBS,43,"The story of how @jtimberlake ended up performing alongside ""the Reverend"" Al Green at the #GRAMMYs in 2009:‚Ä¶ https://t.co/lDI0jffrpl",0.0,0.0,0.0,1.0,Mon Nov 20 22:16:49 +0000 2017
258,CBS,42,"Superstars @Harry_Styles &amp; @Miguel will perform at the 2017 Victoria's Secret Fashion Show! Tune in Tues, Nov. 28 @‚Ä¶ https://t.co/aRaWCeZ7sq",0.0,0.0,0.0,1.0,Mon Nov 20 22:07:47 +0000 2017
259,CBS,41,"Meet the artisans who bring the Victoria's Secret angel wings to life! Don't miss the #VSFashionShow Tues, Nov. 28‚Ä¶ https://t.co/swWUXrYZQ6",0.1867,0.084,0.0,0.916,Mon Nov 20 20:20:51 +0000 2017
260,CBS,40,Celebrate five decades of music and memories with 'GRAMMYs¬Æ Greatest Stories: A 60th Anniversary Special' this Frid‚Ä¶ https://t.co/gzVXqdBmWe,0.891,0.431,0.0,0.569,Mon Nov 20 18:50:53 +0000 2017
261,CBS,39,Due to football overrun #CBS is delayed 5 mins in east &amp; central time zones. New start times #60minutes 7:35ET/6:35‚Ä¶ https://t.co/4m9yvh4o3M,-0.2263,0.0,0.091,0.909,Mon Nov 20 00:41:54 +0000 2017
262,CBS,38,Get ready for football! Stream NFL on CBS today with #CBSAllAccess (not available on mobile phones). Try 1 week FRE‚Ä¶ https://t.co/RTHdvhkGQN,0.4199,0.128,0.0,0.872,Sun Nov 19 14:53:05 +0000 2017
263,CBS,37,Stream the Kentucky Wildcats at Georgia Bulldogs LIVE today at 3:30PM ET! Try #CBSAllAccess FREE:‚Ä¶ https://t.co/Azsj50hX7H,0.0,0.0,0.0,1.0,Sat Nov 18 17:33:07 +0000 2017
264,CBS,36,"Spread your wings and fly to Shanghai for a behind-the-scenes look at the 2017 #VSFashionShow venue! Tune in Tues,‚Ä¶ https://t.co/NQttk90SWE",0.0,0.0,0.0,1.0,Thu Nov 16 20:49:50 +0000 2017
265,CBS,35,RT @latelateshow: Ready for new tunes? @zanelowe drops by tonight with the latest @AppleMusic #UpNext artist ‚Äî @AmySharkMusic! https://t.co‚Ä¶,0.4199,0.141,0.0,0.859,Thu Nov 16 01:00:45 +0000 2017
266,CBS,34,Hundreds of models hope to earn their wings at the Victoria's Secret Fashion Show Casting Auditions! Take a peek be‚Ä¶ https://t.co/B2Wmc6KWjp,0.4926,0.144,0.0,0.856,Wed Nov 15 19:11:31 +0000 2017
267,CBS,33,#Bull faced one of his toughest opponents on last night's episode. Catch up now: https://t.co/rzwYb07ain https://t.co/rPRUEr1xu3,-0.0772,0.0,0.08,0.92,Wed Nov 15 18:13:33 +0000 2017
268,CBS,32,Join superstars @carrieunderwood &amp; @johnlegend as they host 'GRAMMYS¬Æ Greatest Stories: A 60th Anniversary Special'‚Ä¶ https://t.co/sar8zwewCl,0.7506,0.33,0.0,0.67,Wed Nov 15 14:43:43 +0000 2017
269,CBS,31,RT @BrunoMars: WEDNESDAY NOVEMBER 29th ON CBS! MY FIRST TV SPECIAL! https://t.co/WnQqXBqYAm,0.6145,0.267,0.0,0.733,Tue Nov 14 22:57:47 +0000 2017
270,CBS,30,"RT @TheTalkCBS: Get to know our new co-host, @TheRealEve‚Äã üíñüíñ https://t.co/0FRuwVanNg",0.0,0.0,0.0,1.0,Tue Nov 14 22:13:00 +0000 2017
271,CBS,29,RT @BullCBS: Emmy Award winner and @TheGoodWife_CBS star @ArchiePanjabi guest stars tonight on an all-new #Bull. Take a peek. https://t.co/‚Ä¶,0.8074,0.3,0.0,0.7,Tue Nov 14 22:10:50 +0000 2017
272,CBS,28,"RT @NoActivityCBS: From Will Ferrell, Adam McKay &amp; @Funnyordie, #NoActivity is now streaming on CBS All Access: https://t.co/lI30WUa97U htt‚Ä¶",0.0,0.0,0.0,1.0,Tue Nov 14 19:13:26 +0000 2017
273,CBS,27,"RT @instinctcbs: From best-selling author @jp_books, starring @AlanCumming, #Instinct is a new drama coming soon to @CBS. https://t.co/aF6z‚Ä¶",0.0,0.0,0.0,1.0,Tue Nov 14 19:08:57 +0000 2017
274,CBS,26,"RT @ManWithAPlan: Same family, new funny situations. Don't miss the season premiere of #ManWithAPlan tonight on CBS! https://t.co/SvVdy4gHYA",0.5627,0.225,0.0,0.775,Tue Nov 14 00:03:04 +0000 2017
275,CBS,25,"RT @startrekcbs: The first 9 episodes are now streaming on CBS All Access: https://t.co/tE9aAhwnGB #StarTrekDiscovery continues Jan 7, 2018‚Ä¶",0.0,0.0,0.0,1.0,Mon Nov 13 20:21:59 +0000 2017
276,CBS,24,RT @TVGuide: Will Ferrell's new series #NoActivity makes boredom funny https://t.co/hZGKRNm1Ib https://t.co/4PsdmJRX5D,0.1531,0.191,0.151,0.658,Mon Nov 13 01:51:14 +0000 2017
277,CBS,23,"RT @startrekcbs: Episodes 1-9 now streaming: https://t.co/xklnLL99y6 
The journey continues January 7, 2018. #StarTrekDiscovery https://t.c‚Ä¶",0.0,0.0,0.0,1.0,Mon Nov 13 01:36:53 +0000 2017
278,CBS,22,"#CBS delayed 15mins in Most of Texas(no Dallas);
Wisconsin
Minnesota
Chicago
Nashville
Cincinnati 
Wash,DC
Buffalo‚Ä¶ https://t.co/qqnlJWgTYy",-0.2263,0.0,0.112,0.888,Mon Nov 13 00:25:45 +0000 2017
279,CBS,21,Get ready for football! Stream NFL on CBS today with #CBSAllAccess (not available on mobile phones). Try 1 week FRE‚Ä¶ https://t.co/0ckTRuj3Mf,0.4199,0.128,0.0,0.872,Sun Nov 12 14:53:30 +0000 2017
280,CBS,20,RT @swatcbs: .@shemarmoore and his team have all the angles covered in this 360-degree experience from the latest #SWAT episode: https://t.‚Ä¶,0.0,0.0,0.0,1.0,Sat Nov 11 17:34:56 +0000 2017
281,CBS,19,Stream the Florida Gators at South Carolina Gamecocks LIVE today at 12PM ET! Try #CBSAllAccess FREE:‚Ä¶ https://t.co/m1hw9DxXQa,0.0,0.0,0.0,1.0,Sat Nov 11 15:00:04 +0000 2017
282,CBS,18,RT @BrunoMars: WEDNESDAY NOVEMBER 29th ON CBS!!!!! TELL EVERYONE YOU KNOW!!!! ‚ú®‚ú®‚ú®‚ú®‚ú® https://t.co/jzaGDHHEVZ,0.0,0.0,0.0,1.0,Fri Nov 10 22:50:56 +0000 2017
283,CBS,17,Ray's visit took an unexpected turn on last night's episode of #Mom. Catch up now: https://t.co/jKQdvAjWFa https://t.co/7vEeIqFb3j,0.0,0.0,0.0,1.0,Fri Nov 10 19:56:29 +0000 2017
284,CBS,16,RT @YoungSheldon: Liven up your group chat with special-edition #YoungSheldon Shelmojis inspired by TV‚Äôs #1 new show! Download now: https:/‚Ä¶,0.5411,0.155,0.0,0.845,Fri Nov 10 19:52:14 +0000 2017
285,CBS,15,"RT @startrekcbs: The war with the Klingons comes to a head on the fall finale of #StarTrekDiscovery, streaming this Sunday, Nov. 12. https:‚Ä¶",-0.5994,0.0,0.157,0.843,Fri Nov 10 19:45:38 +0000 2017
286,CBS,14,RT @NoActivityCBS: He's focused &amp; ambitious...with nothing to do. Meet Detective Cullen. #NoActivity premieres Sunday: https://t.co/wV2EEUj‚Ä¶,0.3818,0.148,0.0,0.852,Fri Nov 10 19:44:51 +0000 2017
287,CBS,13,RT @swatcbs: Immerse yourself in a scene from tonight's S.W.A.T. with this 360-degree experience: https://t.co/xn8DLzzeLh https://t.co/Dnq6‚Ä¶,0.0,0.0,0.0,1.0,Fri Nov 10 18:08:03 +0000 2017
288,CBS,12,Don't miss the new special 'The Dick Van Dyke Show- Now In Living Color!' airing Dec. 22 on CBS:‚Ä¶ https://t.co/Mhmi51G1r6,-0.1149,0.179,0.133,0.687,Fri Nov 10 02:44:43 +0000 2017
289,CBS,11,RT @MomCBS: Bonnie's brother Ray is back! Tune in to #Mom tonight at 9/8c or stream it live with CBS All Access: https://t.co/ttRQOQVSec ht‚Ä¶,0.0,0.0,0.0,1.0,Fri Nov 10 01:08:05 +0000 2017
290,CBS,10,"RT @startrekcbs: Stream the fall finale this Sunday, Nov. 12. #StarTrekDiscovery continues January 7, 2018. Learn what's in store for episo‚Ä¶",0.0,0.0,0.0,1.0,Fri Nov 10 00:20:10 +0000 2017
291,CBS,9,"RT @NoActivityCBS: Get ready to LOL. üòÇüòÇ Meet the comedy all-stars in #NoActivity, premiering Sunday, Nov. 12 on CBS All Access: https://t.c‚Ä¶",0.8192,0.31,0.0,0.69,Fri Nov 10 00:19:37 +0000 2017
292,CBS,8,"Laugh in the holidays with the 'I Love Lucy Christmas Special', featuring two classic episodes, Friday, Dec. 22 on‚Ä¶ https://t.co/LbIgsaAunT",0.886,0.38,0.0,0.62,Thu Nov 09 23:04:56 +0000 2017
293,CBS,7,You won't want to miss all the classic specials this holiday season on CBS! See the full lineup:‚Ä¶ https://t.co/C6tpCTyNe2,0.5631,0.22,0.055,0.725,Wed Nov 08 22:25:08 +0000 2017
294,CBS,6,RT @SEALTeamCBS: Follow @ToniTrucks and Jessica Par√© on a BTS 360¬∞ tour of #SEALTeam's C-17 cargo plane: https://t.co/O7q56om1JG üá∫üá∏ https:/‚Ä¶,0.0,0.0,0.0,1.0,Tue Nov 07 19:17:51 +0000 2017
295,CBS,5,Only 3 weeks to go until Angel Lais Ribeiro will wear the Champagne Nights Fantasy Bra at the 2017 #VSFashionShow!‚Ä¶ https://t.co/ufUpz4PMcu,0.3595,0.116,0.0,0.884,Tue Nov 07 18:44:54 +0000 2017
296,CBS,4,"RT @NoActivityCBS: WTF is #NoActivity, you ask? The funny people in charge explain. Series premieres Nov 12, only on CBS All Access: https:‚Ä¶",-0.3885,0.102,0.159,0.739,Mon Nov 06 19:08:50 +0000 2017
297,CBS,3,"RT @SEALTeamCBS: This Veterans Day, everyone at #SEALTeam salutes the men &amp; women who defend &amp; protect our country. üá∫üá∏ https://t.co/4VByMtZ‚Ä¶",0.3818,0.115,0.0,0.885,Mon Nov 06 18:23:27 +0000 2017
298,CBS,2,Get ready for football! Stream NFL on CBS today w/ #CBSAllAccess (not available on mobile phones). Try 1 week FREE:‚Ä¶ https://t.co/BJOWnqgBgc,0.4199,0.128,0.0,0.872,Sun Nov 05 13:58:35 +0000 2017
299,CBS,1,Stream the LSU Tigers at Alabama Crimson Tide LIVE tonight at 8PM ET! Try #CBSAllAccess FREE:‚Ä¶ https://t.co/L2k6pXwRIp,0.0,0.0,0.0,1.0,Sat Nov 04 20:00:02 +0000 2017
300,Fox News,100,Ohio State quarterback's knee injury before Michigan game prompts calls for investigation https://t.co/vl1hF0GR8E,-0.4215,0.0,0.189,0.811,Sun Nov 26 21:44:49 +0000 2017
301,Fox News,99,"Daniel Halper on Kushner investigation: ""It's basically a cancer on the White House itself. It's very intrusive, it‚Ä¶ https://t.co/duRpzQP1Zp",-0.6597,0.0,0.206,0.794,Sun Nov 26 21:37:21 +0000 2017
302,Fox News,98,"Mickey Cargile: ""The unemployment numbers are at the lowest level we've seen this century."" https://t.co/1mw2fnMEHk",-0.6705,0.0,0.297,0.703,Sun Nov 26 21:37:01 +0000 2017
303,Fox News,97,A look at the Senate tax plan. @FoxNewsSunday https://t.co/3TJUwXBtVA https://t.co/dzfodhONsR,0.0,0.0,0.0,1.0,Sun Nov 26 21:36:12 +0000 2017
304,Fox News,96,"Missouri homeowner shoots, kills suspect during home invasion https://t.co/uX2w298a7t",-0.6908,0.0,0.449,0.551,Sun Nov 26 21:31:49 +0000 2017
305,Fox News,95,".@RepEspaillat and other Democrats' 'DREAMer' demands threaten spending bill, gov shutdown in coming weeks‚Ä¶ https://t.co/CzDpq9ROuY",-0.3818,0.0,0.157,0.843,Sun Nov 26 21:27:02 +0000 2017
306,Fox News,94,HEARTWARMING: Diner cook help cut up a man‚Äôs pancakes after he struggles to eat them due to an arm injury. https://t.co/R1gUwlG1cz,0.0343,0.226,0.256,0.518,Sun Nov 26 21:23:03 +0000 2017
307,Fox News,93,"Franken will not resign, but 'embarrassed and ashamed' over misconduct allegations https://t.co/9IYgJt3k5l",-0.2422,0.241,0.239,0.519,Sun Nov 26 21:22:55 +0000 2017
308,Fox News,92,"California police investigate surveillance video after looters steal 1,800 gallons of vodka https://t.co/7Ey9OXfoYG https://t.co/Ev6gNpzLoc",-0.4939,0.0,0.198,0.802,Sun Nov 26 21:08:01 +0000 2017
309,Fox News,91,Republicans who voted against House tax bill. https://t.co/blWi2X8HMi,0.0,0.0,0.0,1.0,Sun Nov 26 21:07:01 +0000 2017
310,Fox News,90,.@JudgeJeanine Blasts Taxpayer-Funded Sexual Harassment Settlement Fund https://t.co/P3v1nkuqx2 https://t.co/RJGGlfQDVl,-0.5423,0.0,0.304,0.696,Sun Nov 26 21:02:36 +0000 2017
311,Fox News,89,'House of Cards' extends production hiatus amid Kevin Spacey probe https://t.co/LbF1GfsEZW,0.128,0.13,0.0,0.87,Sun Nov 26 21:02:24 +0000 2017
312,Fox News,88,"'Secret Santa' spends more than $10,000 at @ToysRUs to make children's Christmas wishes come true‚Ä¶ https://t.co/TWdT7MYGYM",0.1531,0.096,0.0,0.904,Sun Nov 26 21:00:06 +0000 2017
313,Fox News,87,Do you agree with @CortesSteve? https://t.co/8v3NtBDHKY,0.3612,0.333,0.0,0.667,Sun Nov 26 20:51:03 +0000 2017
314,Fox News,86,"OPINION: America, we have it good - blessings and gratitude this Thanksgiving season https://t.co/NDCd5azI8w",0.8658,0.492,0.0,0.508,Sun Nov 26 20:50:13 +0000 2017
315,Fox News,85,Woman raises more than $350K for homeless man who helped her https://t.co/kEbfmbEe8v,0.0,0.0,0.0,1.0,Sun Nov 26 20:41:29 +0000 2017
316,Fox News,84,".@NancyPelosi calls @RepJohnConyers 'icon' who has worked to 'protect women,' yet backs House probe into sexual all‚Ä¶ https://t.co/mBwD38BlZW",0.34,0.131,0.061,0.808,Sun Nov 26 20:33:40 +0000 2017
317,Fox News,83,.@SebGorka concurred with @POTUS's renewed call for a wall &amp; travel ban in the wake of the Egypt terror attack.‚Ä¶ https://t.co/Ia8V5wmqHP,-0.7906,0.0,0.28,0.72,Sun Nov 26 20:31:05 +0000 2017
318,Fox News,82,".@GeraldoRivera: ""How did [@RepJohnConyers] get the taxpayers to pay for his... alleged misdeeds?"" https://t.co/lkDon22qvX",-0.1027,0.0,0.097,0.903,Sun Nov 26 20:27:02 +0000 2017
319,Fox News,81,"Pelosi calls Conyers 'icon' who has worked to 'protect women,' yet backs House probe into sexual allegations https://t.co/mAHIU44yQD",0.34,0.131,0.061,0.808,Sun Nov 26 20:24:52 +0000 2017
320,Fox News,80,Ohio State quarterback's knee injury before Michigan game prompts calls for investigation https://t.co/vl1hF0GR8E,-0.4215,0.0,0.189,0.811,Sun Nov 26 21:44:49 +0000 2017
321,Fox News,79,"Daniel Halper on Kushner investigation: ""It's basically a cancer on the White House itself. It's very intrusive, it‚Ä¶ https://t.co/duRpzQP1Zp",-0.6597,0.0,0.206,0.794,Sun Nov 26 21:37:21 +0000 2017
322,Fox News,78,"Mickey Cargile: ""The unemployment numbers are at the lowest level we've seen this century."" https://t.co/1mw2fnMEHk",-0.6705,0.0,0.297,0.703,Sun Nov 26 21:37:01 +0000 2017
323,Fox News,77,A look at the Senate tax plan. @FoxNewsSunday https://t.co/3TJUwXBtVA https://t.co/dzfodhONsR,0.0,0.0,0.0,1.0,Sun Nov 26 21:36:12 +0000 2017
324,Fox News,76,"Missouri homeowner shoots, kills suspect during home invasion https://t.co/uX2w298a7t",-0.6908,0.0,0.449,0.551,Sun Nov 26 21:31:49 +0000 2017
325,Fox News,75,".@RepEspaillat and other Democrats' 'DREAMer' demands threaten spending bill, gov shutdown in coming weeks‚Ä¶ https://t.co/CzDpq9ROuY",-0.3818,0.0,0.157,0.843,Sun Nov 26 21:27:02 +0000 2017
326,Fox News,74,HEARTWARMING: Diner cook help cut up a man‚Äôs pancakes after he struggles to eat them due to an arm injury. https://t.co/R1gUwlG1cz,0.0343,0.226,0.256,0.518,Sun Nov 26 21:23:03 +0000 2017
327,Fox News,73,"Franken will not resign, but 'embarrassed and ashamed' over misconduct allegations https://t.co/9IYgJt3k5l",-0.2422,0.241,0.239,0.519,Sun Nov 26 21:22:55 +0000 2017
328,Fox News,72,"California police investigate surveillance video after looters steal 1,800 gallons of vodka https://t.co/7Ey9OXfoYG https://t.co/Ev6gNpzLoc",-0.4939,0.0,0.198,0.802,Sun Nov 26 21:08:01 +0000 2017
329,Fox News,71,Republicans who voted against House tax bill. https://t.co/blWi2X8HMi,0.0,0.0,0.0,1.0,Sun Nov 26 21:07:01 +0000 2017
330,Fox News,70,.@JudgeJeanine Blasts Taxpayer-Funded Sexual Harassment Settlement Fund https://t.co/P3v1nkuqx2 https://t.co/RJGGlfQDVl,-0.5423,0.0,0.304,0.696,Sun Nov 26 21:02:36 +0000 2017
331,Fox News,69,'House of Cards' extends production hiatus amid Kevin Spacey probe https://t.co/LbF1GfsEZW,0.128,0.13,0.0,0.87,Sun Nov 26 21:02:24 +0000 2017
332,Fox News,68,"'Secret Santa' spends more than $10,000 at @ToysRUs to make children's Christmas wishes come true‚Ä¶ https://t.co/TWdT7MYGYM",0.1531,0.096,0.0,0.904,Sun Nov 26 21:00:06 +0000 2017
333,Fox News,67,Do you agree with @CortesSteve? https://t.co/8v3NtBDHKY,0.3612,0.333,0.0,0.667,Sun Nov 26 20:51:03 +0000 2017
334,Fox News,66,"OPINION: America, we have it good - blessings and gratitude this Thanksgiving season https://t.co/NDCd5azI8w",0.8658,0.492,0.0,0.508,Sun Nov 26 20:50:13 +0000 2017
335,Fox News,65,Woman raises more than $350K for homeless man who helped her https://t.co/kEbfmbEe8v,0.0,0.0,0.0,1.0,Sun Nov 26 20:41:29 +0000 2017
336,Fox News,64,".@NancyPelosi calls @RepJohnConyers 'icon' who has worked to 'protect women,' yet backs House probe into sexual all‚Ä¶ https://t.co/mBwD38BlZW",0.34,0.131,0.061,0.808,Sun Nov 26 20:33:40 +0000 2017
337,Fox News,63,.@SebGorka concurred with @POTUS's renewed call for a wall &amp; travel ban in the wake of the Egypt terror attack.‚Ä¶ https://t.co/Ia8V5wmqHP,-0.7906,0.0,0.28,0.72,Sun Nov 26 20:31:05 +0000 2017
338,Fox News,62,".@GeraldoRivera: ""How did [@RepJohnConyers] get the taxpayers to pay for his... alleged misdeeds?"" https://t.co/lkDon22qvX",-0.1027,0.0,0.097,0.903,Sun Nov 26 20:27:02 +0000 2017
339,Fox News,61,"Pelosi calls Conyers 'icon' who has worked to 'protect women,' yet backs House probe into sexual allegations https://t.co/mAHIU44yQD",0.34,0.131,0.061,0.808,Sun Nov 26 20:24:52 +0000 2017
340,Fox News,60,State taxpayer flight - gross migration in billions. https://t.co/idpRg7o3FB,-0.4767,0.0,0.307,0.693,Sun Nov 26 20:20:40 +0000 2017
341,Fox News,59,'Glee' star Naya Rivera charged with domestic battery in West Virginia https://t.co/C3FLYpWCTc,-0.2023,0.0,0.141,0.859,Sun Nov 26 20:13:59 +0000 2017
342,Fox News,58,RT @EricShawnTV: I anchor at 4 pm ET @FoxNews: Iran's missile warnings to the #America &amp; #Europe. Here's @AmbJohnBolton: https://t.co/MAoen‚Ä¶,-0.296,0.0,0.115,0.885,Sun Nov 26 20:11:23 +0000 2017
343,Fox News,57,"Marc Lotter on North Korea: ""@POTUS said he was going to name our enemies and go after them. And so what you're see‚Ä¶ https://t.co/VkCyWyNwb2",-0.4939,0.0,0.122,0.878,Sun Nov 26 20:08:59 +0000 2017
344,Fox News,56,George H.W. Bush Now Longest Living President https://t.co/1Us6mwFqMf,0.0,0.0,0.0,1.0,Sun Nov 26 20:08:11 +0000 2017
345,Fox News,55,"Marie Harf on North Korea returning to State Sponsors of Terrorism list: ""This designation is not going to fundamen‚Ä¶ https://t.co/U2qjBTblZq",-0.6808,0.0,0.195,0.805,Sun Nov 26 20:06:32 +0000 2017
346,Fox News,54,"Franken will not resign, but 'embarrassed and ashamed' over misconduct allegations https://t.co/9IYgJt3k5l",-0.2422,0.241,0.239,0.519,Sun Nov 26 20:04:43 +0000 2017
347,Fox News,53,"Marie Harf on North Korea: ""Where China has stepped back, Russia has stepped up to help the North Koreans and I hop‚Ä¶ https://t.co/xJfkVeHF66",0.4019,0.114,0.0,0.886,Sun Nov 26 20:01:45 +0000 2017
348,Fox News,52,"On ""Justice,"" @dbongino blasted Congress' sexual harassment settlement fund, which used taxpayer dollars.‚Ä¶ https://t.co/9XkcaCEbfI",-0.5423,0.0,0.212,0.788,Sun Nov 26 20:00:06 +0000 2017
349,Fox News,51,"Catherine Lucey on Russia investigation: ""It's not clear if and when another shoe drops and whether Flynn plays a p‚Ä¶ https://t.co/X61IKYuglB",-0.0475,0.09,0.098,0.811,Sun Nov 26 19:59:13 +0000 2017
350,Fox News,50,"Sheriff Chuck Jenkins: ""We need to treat MS-13 and the other criminal gangs as international terrorist organization‚Ä¶ https://t.co/wyNDlnwEuy",-0.7506,0.105,0.314,0.581,Sun Nov 26 19:59:11 +0000 2017
351,Fox News,49,Ohio State quarterback's knee injury before Michigan game prompts calls for investigation https://t.co/vl1hF0GR8E,-0.4215,0.0,0.189,0.811,Sun Nov 26 19:58:12 +0000 2017
352,Fox News,48,".@johnthune on tax reform: ""We should not settle for two percent growth in this economy."" @FoxNewsSunday https://t.co/rDtg2PE9BD",0.3818,0.14,0.0,0.86,Sun Nov 26 19:52:55 +0000 2017
353,Fox News,47,Peggy Noonan: Sexual predators are now on notice https://t.co/wT2IPfzarw,0.0,0.0,0.0,1.0,Sun Nov 26 19:47:34 +0000 2017
354,Fox News,46,A look at the Senate tax plan. @FoxNewsSunday https://t.co/3TJUwXBtVA https://t.co/Dv5rf2yLtO,0.0,0.0,0.0,1.0,Sun Nov 26 19:46:13 +0000 2017
355,Fox News,45,".@johnthune on tax reform: ""The tax code in this country needs to be changed if we're going to be competitive in th‚Ä¶ https://t.co/BhZI3YevtN",0.1779,0.072,0.0,0.928,Sun Nov 26 19:44:38 +0000 2017
356,Fox News,44,.@RepJohnConyers has announced he will be stepping aside as a ranking member of the House Judiciary Committee over‚Ä¶ https://t.co/JNSsPheklV,0.0,0.0,0.0,1.0,Sun Nov 26 19:44:31 +0000 2017
357,Fox News,43,Unemployment rate prediction for end of 2019 - per @GoldmanSachs economists. https://t.co/5poCXCqbBu https://t.co/T3LCkAKauM,-0.4404,0.0,0.209,0.791,Sun Nov 26 19:36:46 +0000 2017
358,Fox News,42,"NYC teacher accused of being 'sugar daddy' to teen girl student, giving her cash for sex https://t.co/ad2rhoY0D1",0.0516,0.122,0.112,0.765,Sun Nov 26 19:29:31 +0000 2017
359,Fox News,41,.@BurgessOwens warns the @NFL must show some leadership and promote respect for the flag among the young players.‚Ä¶ https://t.co/nEiN3TG5n2,0.6486,0.247,0.061,0.693,Sun Nov 26 19:26:05 +0000 2017
360,Fox News,40,I'm the truck driver delivering America's Christmas tree to the US Capitol - and I couldn't be prouder https://t.co/AmE7bUMpSP,-0.3875,0.0,0.141,0.859,Sun Nov 26 19:19:43 +0000 2017
361,Fox News,39,"Men dressed as Krampus scare spectators during a Krampus run in Hollabrunn, Austria. https://t.co/fB2tM9wYMU",-0.4939,0.0,0.211,0.789,Sun Nov 26 19:12:45 +0000 2017
362,Fox News,38,"On ""Justice,"" @dbongino explained what he sees as a fundamental difference between liberals and conservatives.‚Ä¶ https://t.co/HKljApKzVT",0.0,0.0,0.0,1.0,Sun Nov 26 19:09:01 +0000 2017
363,Fox News,37,WATCH: @jessebwatters Finds Out How Much Thanksgiving History New Yorkers Know    https://t.co/oK2qPAVv32,0.0,0.0,0.0,1.0,Sun Nov 26 19:08:41 +0000 2017
364,Fox News,36,George H.W. Bush Now Longest Living President https://t.co/nwcqqTpCiI https://t.co/jXJfzSlrOY,0.0,0.0,0.0,1.0,Sun Nov 26 19:01:21 +0000 2017
365,Fox News,35,"'Secret Santa' spends more than $10,000 at @ToysRUs to make children's Christmas wishes come true‚Ä¶ https://t.co/R3ppmjHo2b",0.1531,0.096,0.0,0.904,Sun Nov 26 19:00:04 +0000 2017
366,Fox News,34,Man badly bitten by shark while spearfishing off California beach https://t.co/kPoGmaTUHj,-0.4767,0.0,0.237,0.763,Sun Nov 26 18:53:33 +0000 2017
367,Fox News,33,".@DiamondandSilk: ""At the end of the day, [President @realDonaldTrump] is still the Man of the Year."" https://t.co/uGZ5rnsnBb",0.0,0.0,0.0,1.0,Sun Nov 26 18:49:04 +0000 2017
368,Fox News,32,.@SebGorka concurred with @POTUS's renewed call for a wall &amp; travel ban in the wake of the Egypt terror attack.‚Ä¶ https://t.co/6lna2Vbyvo,-0.7906,0.0,0.28,0.72,Sun Nov 26 18:49:04 +0000 2017
369,Fox News,31,.@JudgeJeanine Blasts Taxpayer-Funded Sexual Harassment Settlement Fund https://t.co/P3v1nkM1oA https://t.co/KBKsQfmgOU,-0.5423,0.0,0.304,0.696,Sun Nov 26 18:48:02 +0000 2017
370,Fox News,30,"Holocaust survivor: I'm giving $1 million to help wounded American veterans, to express my thanks https://t.co/3nZ1SOD41W",0.8591,0.467,0.0,0.533,Sun Nov 26 18:47:47 +0000 2017
371,Fox News,29,".@mschlapp on @SenateMajLdr: ""He's in a much stronger position than you might think."" https://t.co/DFnrfkC6kV",0.3818,0.178,0.0,0.822,Sun Nov 26 18:46:51 +0000 2017
372,Fox News,28,John Conyers steps aside from House Judiciary Committee amid probe into sexual allegations https://t.co/JkoYlKRSer,0.0,0.0,0.0,1.0,Sun Nov 26 18:36:55 +0000 2017
373,Fox News,27,Nick Lachey wants to 'find some justice' for his employee who was shot in the face https://t.co/nGdB18KgHN,0.5267,0.175,0.0,0.825,Sun Nov 26 18:32:00 +0000 2017
374,Fox News,26,"'Secret Santa' Donates 10K to Cover Layaway Toy Orders
https://t.co/6Cgoa7BHES",0.0,0.0,0.0,1.0,Sun Nov 26 18:23:20 +0000 2017
375,Fox News,25,"On @ffweekend, Sheriff Chuck Jenkins discussed how law enforcement should confront the threat of gangs like MS-13.‚Ä¶ https://t.co/2EwBdpDS8M",-0.3818,0.111,0.226,0.664,Sun Nov 26 18:17:20 +0000 2017
376,Fox News,24,.@RepJohnConyers has announced he will be stepping aside as a ranking member of the House Judiciary Committee over‚Ä¶ https://t.co/sPYg2vIoAE,0.0,0.0,0.0,1.0,Sun Nov 26 18:12:28 +0000 2017
377,Fox News,23,A diner cook has touched thousands of hearts after video was posted online showing her help cut up a man‚Äôs pancakes‚Ä¶ https://t.co/26ytjsLRdi,0.1531,0.118,0.092,0.789,Sun Nov 26 18:08:07 +0000 2017
378,Fox News,22,Football players charged as adults in alleged rape of 14-year-old girl https://t.co/xNDm8Z9TSF,-0.7579,0.0,0.394,0.606,Sun Nov 26 18:03:56 +0000 2017
379,Fox News,21,2 arrested in robbery of 92-year-old Massachusetts woman https://t.co/qVQUWOGwh5,-0.4767,0.0,0.307,0.693,Sun Nov 26 17:50:47 +0000 2017
380,Fox News,20,"Missouri homeowner shoots, kills suspect during home invasion
https://t.co/FmRgsbJxkv",-0.6908,0.0,0.449,0.551,Sun Nov 26 17:42:53 +0000 2017
381,Fox News,19,BREAKING NEWS: @RepJohnConyers has announced he will be stepping aside as a ranking member of the House Judiciary C‚Ä¶ https://t.co/au1R4dEXEe,0.0,0.0,0.0,1.0,Sun Nov 26 17:36:44 +0000 2017
382,Fox News,18,"Indiana ‚ÄòNight Nurse‚Äô says white women raising sons who are ‚Äòrapists‚Äô and ‚Äòkillers,‚Äô sparking probe https://t.co/y5oKpswHWD",0.0,0.0,0.0,1.0,Sun Nov 26 17:31:53 +0000 2017
383,Fox News,17,".@BurgessOwens: ""Young men need to recognize how proud we should be of that flag."" https://t.co/JY3U3wwBEO https://t.co/N0KbXUPwZL",0.4767,0.171,0.0,0.829,Sun Nov 26 17:28:03 +0000 2017
384,Fox News,16,"On @ffweekend, @DiamondandSilk weighed in on the President @realDonaldTrump/@TIME ""Person of the Year"" controversy.‚Ä¶ https://t.co/hRRlBcCkgG",0.0,0.0,0.0,1.0,Sun Nov 26 17:26:57 +0000 2017
385,Fox News,15,Supporters of President @realDonaldTrump stand on the bridge to his Mar-a-Lago estate as his motorcade passes by. https://t.co/PSkL0lc1G7,0.4404,0.146,0.0,0.854,Sun Nov 26 17:17:00 +0000 2017
386,Fox News,14,"On @WattersWorld, @michellemalkin talked about @POTUS's greatest accomplishments in the year since his election.‚Ä¶ https://t.co/ztR1CoN6CV",0.6369,0.231,0.0,0.769,Sun Nov 26 17:13:07 +0000 2017
387,Fox News,13,Alan Dershowitz: Ten congressional Democrats want lenient treatment for young terrorists who murder Israelis https://t.co/JZchbA1jpS,-0.8126,0.147,0.379,0.474,Sun Nov 26 16:59:30 +0000 2017
388,Fox News,12,"On ""Justice with @JudgeJeanine,"" @realamymholmes talked about the hypocrisy among left-wing politicians in the wake‚Ä¶ https://t.co/OcNnt22f2x",0.5267,0.185,0.0,0.815,Sun Nov 26 16:46:35 +0000 2017
389,Fox News,11,".@dbongino: ""This sexual harassment slush fund is an international - no, forget that - an INTERGALACTIC disgrace."" https://t.co/vZShKp4U17",-0.765,0.0,0.369,0.631,Sun Nov 26 16:40:13 +0000 2017
390,Fox News,10,"Sheriff Chuck Jenkins: ""We need to treat MS-13 and the other criminal gangs as international terrorist organization‚Ä¶ https://t.co/U7MxTvH9UC",-0.7506,0.105,0.314,0.581,Sun Nov 26 16:35:06 +0000 2017
391,Fox News,9,"RT @EricShawnTV: At 12 Noon ET when I anchor @FoxNews: #Iran threatens #Europe and #UStroops, say new reports, warning of deploying longer‚Ä¶",-0.6124,0.0,0.208,0.792,Sun Nov 26 16:26:11 +0000 2017
392,Fox News,8,"WATCH: @jessebwatters Finds Out How Much Thanksgiving History New Yorkers Know
https://t.co/oK2qPAVv32",0.0,0.0,0.0,1.0,Sun Nov 26 16:23:54 +0000 2017
393,Fox News,7,Nick Lachey wants to 'find some justice' for his employee who was shot in the face (via @travfed)  https://t.co/nGdB18KgHN,0.5267,0.159,0.0,0.841,Sun Nov 26 16:22:02 +0000 2017
394,Fox News,6,".@realamymholmes: ""@BillClinton... passed sexual harassment law that he himself was violating."" https://t.co/B5qG7meanI",-0.5423,0.0,0.241,0.759,Sun Nov 26 16:21:03 +0000 2017
395,Fox News,5,TONIGHT: @HarveyLevinTMZ goes in-depth with @mcuban on OBJECTified - Tune in at 8p ET on Fox News Channel! https://t.co/yQpk9KFLtJ,0.0,0.0,0.0,1.0,Sun Nov 26 16:17:02 +0000 2017
396,Fox News,4,".@MichelleMalkin: ""What @realDonaldTrump has done most effectively is expose the media bias."" https://t.co/slHXRH3GjY",0.3246,0.199,0.116,0.685,Sun Nov 26 16:14:02 +0000 2017
397,Fox News,3,TONIGHT: Don't miss an all-new @NextRevFNC with @SteveHiltonx - Tune in at 9p ET on Fox News Channel! https://t.co/zyqZYfTz2Q,0.1867,0.093,0.0,0.907,Sun Nov 26 16:08:18 +0000 2017
398,Fox News,2,"On @ffweekend, @DiamondandSilk shared their message for the holiday season. https://t.co/svdngYUKn9 https://t.co/7HELYcXgsD",0.6249,0.338,0.0,0.662,Sun Nov 26 16:06:34 +0000 2017
399,Fox News,1,".@RepLeeZeldin: ""Close to half of my district itemizes and uses the state and local tax deduction."" #SundayFutures‚Ä¶ https://t.co/nOWPAy5IRL",0.0,0.0,0.0,1.0,Sun Nov 26 15:59:02 +0000 2017
400,The New York Times,100,Time Inc. is nearing an agreement to sell itself to the Meredith Corporation in a deal backed by the Koch brothers https://t.co/VPsvHr8HjP,0.5106,0.185,0.0,0.815,Sun Nov 26 21:30:07 +0000 2017
401,The New York Times,99,"RT @melbournecoal: BREAK: Time Inc. is near an agreement to self itself to Meredith, in a deal backed by the Koch brothers https://t.co/4RZ‚Ä¶",0.5106,0.177,0.0,0.823,Sun Nov 26 21:24:21 +0000 2017
402,The New York Times,98,Guilt and heartache accompany many Puerto Ricans who fled to the mainland after Hurricane Maria https://t.co/WSqqfcn2o9,-0.2732,0.0,0.123,0.877,Sun Nov 26 21:15:07 +0000 2017
403,The New York Times,97,"Purging the Rohingya has made Myanmar's military ""more popular than in decades"" among the nation's Buddhist majority https://t.co/8VDe9ZAe7L",0.4754,0.154,0.0,0.846,Sun Nov 26 21:00:18 +0000 2017
404,The New York Times,96,"In tying himself to Roy Moore, President Trump has reignited hostilities with his own party https://t.co/mEtchnpx2c",-0.1027,0.136,0.157,0.707,Sun Nov 26 20:45:09 +0000 2017
405,The New York Times,95,"Opinion: If you let boys be boys, they will murder their fathers and sleep with their mothers https://t.co/ajdOPQVZFG",-0.6908,0.0,0.217,0.783,Sun Nov 26 20:30:05 +0000 2017
406,The New York Times,94,Dr. Lilli Hornig rejected a chauvinistic job offer to type other scientists‚Äô top secret reports during World War II https://t.co/noBW5XzHF3,-0.7506,0.072,0.288,0.64,Sun Nov 26 20:15:03 +0000 2017
407,The New York Times,93,"Barbudans want to preserve their unique way of life, but foreign investors see opportunity after a disaster‚Ä¶ https://t.co/FMKYMHziXP",0.5927,0.244,0.0,0.756,Sun Nov 26 20:00:16 +0000 2017
408,The New York Times,92,The Outer Space Treaty may be getting in the way of entrepreneurs with plans to push farther and faster into space https://t.co/SEo9xWZS0t,0.0,0.0,0.0,1.0,Sun Nov 26 19:45:07 +0000 2017
409,The New York Times,91,"RT @jasondhorowitz: What's in a name? Pope Francis heads to Myanmar, but his aides urge him not to say that which we call Rohingya. https:/‚Ä¶",0.0,0.0,0.0,1.0,Sun Nov 26 19:40:26 +0000 2017
410,The New York Times,90,"In this part of Peru, climate change has been a blessing ‚Äî but it may become a curse https://t.co/nUeJr1f8gi",-0.5647,0.101,0.228,0.671,Sun Nov 26 19:30:11 +0000 2017
411,The New York Times,89,It could be further evidence that the chemicals that govern our body clocks are linked to events in the sky https://t.co/9BepBpO2Z4,0.0,0.0,0.0,1.0,Sun Nov 26 19:15:09 +0000 2017
412,The New York Times,88,"""I get recognized a lot in New York and I love it. New Yorkers are my people."" https://t.co/WIzvVqWgff",0.6369,0.219,0.0,0.781,Sun Nov 26 19:00:10 +0000 2017
413,The New York Times,87,"It is a commemoration of ‚Äúcomfort women,‚Äù who were detained and raped by Japanese soldiers before and during WWII https://t.co/cj0lppK2dR",-0.8074,0.0,0.3,0.7,Sun Nov 26 18:45:05 +0000 2017
414,The New York Times,86,President Macron announced measures to crack down on sexual crimes and make it easier for victims to press charges https://t.co/Tb2N7FWfBm,-0.1531,0.116,0.182,0.702,Sun Nov 26 18:30:05 +0000 2017
415,The New York Times,85,"President Trump fell short of praising Roy Moore on Twitter, but unleashed a tirade against his opponent https://t.co/QfBhvVFjaL",0.3071,0.123,0.0,0.877,Sun Nov 26 18:15:03 +0000 2017
416,The New York Times,84,"With Pixar‚Äôs ‚ÄúCoco‚Äù in theaters, it‚Äôs a good time to revisit the best films the studio has to offer https://t.co/Jmspil5HSc",0.7964,0.295,0.0,0.705,Sun Nov 26 18:00:18 +0000 2017
417,The New York Times,83,"Breaking News: John Conyers Jr., a top Democrat, is stepping aside amid a sexual harassment investigation https://t.co/aMGT3LaC6g",-0.4019,0.098,0.191,0.71,Sun Nov 26 17:57:49 +0000 2017
418,The New York Times,82,Our profile of a Nazi sympathizer in Ohio elicited significant criticism from readers. Our national editor weighs i‚Ä¶ https://t.co/Q0bMmuzVBx,-0.2732,0.087,0.14,0.773,Sun Nov 26 17:45:03 +0000 2017
419,The New York Times,81,"RT @VivianHYee: Under Trump, immigration arrests have gone up by 80% in Atlanta. I went to Atlanta to figure out why, and to talk to immigr‚Ä¶",-0.4404,0.0,0.108,0.892,Sun Nov 26 17:42:57 +0000 2017
420,The New York Times,80,Time Inc. is nearing an agreement to sell itself to the Meredith Corporation in a deal backed by the Koch brothers https://t.co/VPsvHr8HjP,0.5106,0.185,0.0,0.815,Sun Nov 26 21:30:07 +0000 2017
421,The New York Times,79,"RT @melbournecoal: BREAK: Time Inc. is near an agreement to self itself to Meredith, in a deal backed by the Koch brothers https://t.co/4RZ‚Ä¶",0.5106,0.177,0.0,0.823,Sun Nov 26 21:24:21 +0000 2017
422,The New York Times,78,Guilt and heartache accompany many Puerto Ricans who fled to the mainland after Hurricane Maria https://t.co/WSqqfcn2o9,-0.2732,0.0,0.123,0.877,Sun Nov 26 21:15:07 +0000 2017
423,The New York Times,77,"Purging the Rohingya has made Myanmar's military ""more popular than in decades"" among the nation's Buddhist majority https://t.co/8VDe9ZAe7L",0.4754,0.154,0.0,0.846,Sun Nov 26 21:00:18 +0000 2017
424,The New York Times,76,"In tying himself to Roy Moore, President Trump has reignited hostilities with his own party https://t.co/mEtchnpx2c",-0.1027,0.136,0.157,0.707,Sun Nov 26 20:45:09 +0000 2017
425,The New York Times,75,"Opinion: If you let boys be boys, they will murder their fathers and sleep with their mothers https://t.co/ajdOPQVZFG",-0.6908,0.0,0.217,0.783,Sun Nov 26 20:30:05 +0000 2017
426,The New York Times,74,Dr. Lilli Hornig rejected a chauvinistic job offer to type other scientists‚Äô top secret reports during World War II https://t.co/noBW5XzHF3,-0.7506,0.072,0.288,0.64,Sun Nov 26 20:15:03 +0000 2017
427,The New York Times,73,"Barbudans want to preserve their unique way of life, but foreign investors see opportunity after a disaster‚Ä¶ https://t.co/FMKYMHziXP",0.5927,0.244,0.0,0.756,Sun Nov 26 20:00:16 +0000 2017
428,The New York Times,72,The Outer Space Treaty may be getting in the way of entrepreneurs with plans to push farther and faster into space https://t.co/SEo9xWZS0t,0.0,0.0,0.0,1.0,Sun Nov 26 19:45:07 +0000 2017
429,The New York Times,71,"RT @jasondhorowitz: What's in a name? Pope Francis heads to Myanmar, but his aides urge him not to say that which we call Rohingya. https:/‚Ä¶",0.0,0.0,0.0,1.0,Sun Nov 26 19:40:26 +0000 2017
430,The New York Times,70,"In this part of Peru, climate change has been a blessing ‚Äî but it may become a curse https://t.co/nUeJr1f8gi",-0.5647,0.101,0.228,0.671,Sun Nov 26 19:30:11 +0000 2017
431,The New York Times,69,It could be further evidence that the chemicals that govern our body clocks are linked to events in the sky https://t.co/9BepBpO2Z4,0.0,0.0,0.0,1.0,Sun Nov 26 19:15:09 +0000 2017
432,The New York Times,68,"""I get recognized a lot in New York and I love it. New Yorkers are my people."" https://t.co/WIzvVqWgff",0.6369,0.219,0.0,0.781,Sun Nov 26 19:00:10 +0000 2017
433,The New York Times,67,"It is a commemoration of ‚Äúcomfort women,‚Äù who were detained and raped by Japanese soldiers before and during WWII https://t.co/cj0lppK2dR",-0.8074,0.0,0.3,0.7,Sun Nov 26 18:45:05 +0000 2017
434,The New York Times,66,President Macron announced measures to crack down on sexual crimes and make it easier for victims to press charges https://t.co/Tb2N7FWfBm,-0.1531,0.116,0.182,0.702,Sun Nov 26 18:30:05 +0000 2017
435,The New York Times,65,"President Trump fell short of praising Roy Moore on Twitter, but unleashed a tirade against his opponent https://t.co/QfBhvVFjaL",0.3071,0.123,0.0,0.877,Sun Nov 26 18:15:03 +0000 2017
436,The New York Times,64,"With Pixar‚Äôs ‚ÄúCoco‚Äù in theaters, it‚Äôs a good time to revisit the best films the studio has to offer https://t.co/Jmspil5HSc",0.7964,0.295,0.0,0.705,Sun Nov 26 18:00:18 +0000 2017
437,The New York Times,63,"Breaking News: John Conyers Jr., a top Democrat, is stepping aside amid a sexual harassment investigation https://t.co/aMGT3LaC6g",-0.4019,0.098,0.191,0.71,Sun Nov 26 17:57:49 +0000 2017
438,The New York Times,62,Our profile of a Nazi sympathizer in Ohio elicited significant criticism from readers. Our national editor weighs i‚Ä¶ https://t.co/Q0bMmuzVBx,-0.2732,0.087,0.14,0.773,Sun Nov 26 17:45:03 +0000 2017
439,The New York Times,61,"RT @VivianHYee: Under Trump, immigration arrests have gone up by 80% in Atlanta. I went to Atlanta to figure out why, and to talk to immigr‚Ä¶",-0.4404,0.0,0.108,0.892,Sun Nov 26 17:42:57 +0000 2017
440,The New York Times,60,This baby hippo has spawned a frenzy that has people flying from all over to see her https://t.co/JakJQ90dYO,-0.3182,0.0,0.126,0.874,Sun Nov 26 17:30:11 +0000 2017
441,The New York Times,59,"""The slap is a really enjoyable slap ‚Äî in fact, it‚Äôs a slap to the face of all the injustice women face here‚Äù https://t.co/lZiGbfkQPh",0.3167,0.289,0.134,0.578,Sun Nov 26 17:15:13 +0000 2017
442,The New York Times,58,"When he saw that their dogs had come home without his wife, he thought, ‚ÄúThis isn‚Äôt right‚Äù https://t.co/qRJoL6TbxX",0.0,0.0,0.0,1.0,Sun Nov 26 17:00:28 +0000 2017
443,The New York Times,57,"As Barbuda starts to rebuild after Hurricane Irma, its locals are fighting to preserve their unique way of life‚Ä¶ https://t.co/GcuQJZisPx",-0.3612,0.0,0.116,0.884,Sun Nov 26 16:45:11 +0000 2017
444,The New York Times,56,"‚ÄúFor the first time in my life, I don‚Äôt feel safe in Australia,‚Äù said Rabbi Feldman, a fourth-generation Australian https://t.co/T30tJns59m",0.4404,0.146,0.0,0.854,Sun Nov 26 16:30:03 +0000 2017
445,The New York Times,55,"Here are the week‚Äôs top stories, and a look ahead https://t.co/QT5YgbYvBO",0.2023,0.167,0.0,0.833,Sun Nov 26 16:15:09 +0000 2017
446,The New York Times,54,Pakistan deployed army troops in Islamabad to help restore law and order to the capital https://t.co/R6w2r9LeOl,0.5994,0.259,0.0,0.741,Sun Nov 26 16:00:22 +0000 2017
447,The New York Times,53,The Myanmar trip would seem to present the pope an opportunity to reassert his status as the world‚Äôs moral compass https://t.co/xN6WZ0SuQ3,0.4215,0.123,0.0,0.877,Sun Nov 26 15:45:10 +0000 2017
448,The New York Times,52,"Mikhail Baryshnikov, one of the greatest dancers of the 20th century, introduces his arts center‚Ä¶ https://t.co/W4CBWoa196",0.6369,0.219,0.0,0.781,Sun Nov 26 15:30:09 +0000 2017
449,The New York Times,51,Opinion: Just 1 of 38 prominent economists agreed that the Republican tax cut would substantially lift the economy https://t.co/oz1x1O2HzL,0.3182,0.205,0.098,0.698,Sun Nov 26 15:15:03 +0000 2017
450,The New York Times,50,How one Inuit community in Canada is feeling the results of climate change https://t.co/4OAkvR29sh https://t.co/DzzYfvqYPW,0.128,0.097,0.0,0.903,Sun Nov 26 15:00:20 +0000 2017
451,The New York Times,49,Neenah is in one of Wisconsin's 72 counties that flipped from blue to red in the 2016 U.S. election. Local industri‚Ä¶ https://t.co/xA7PaO1tHh,0.0,0.0,0.0,1.0,Sun Nov 26 14:45:05 +0000 2017
452,The New York Times,48,There is an increasingly bitter argument brewing over the seemingly mundane task of keeping accurate lists of U.S.‚Ä¶ https://t.co/iIMMNBSBWR,-0.6486,0.0,0.238,0.762,Sun Nov 26 14:30:13 +0000 2017
453,The New York Times,47,"As Trump pushes the U.S. toward tougher immigration enforcement, the Atlanta area offers a glimpse of what could be https://t.co/HJqBN8fc9o",0.1779,0.086,0.0,0.914,Sun Nov 26 14:00:31 +0000 2017
454,The New York Times,46,A State Department exodus marks a new stage in the contentious relationship between Rex Tillerson and much of his w‚Ä¶ https://t.co/k35qrdaOFe,-0.296,0.0,0.109,0.891,Sun Nov 26 13:45:10 +0000 2017
455,The New York Times,45,Pakistan May Deploy Troops After Violent Clashes in Islamabad https://t.co/yWxtkZBDua,-0.5994,0.0,0.302,0.698,Sun Nov 26 13:31:45 +0000 2017
456,The New York Times,44,One of the most striking aspects of the carnage that unfolded in Egypt was how easy it was for the militants to car‚Ä¶ https://t.co/EpVHpGztDa,0.4404,0.112,0.0,0.888,Sun Nov 26 13:30:12 +0000 2017
457,The New York Times,43,"The U.S. Navy identified the 3 sailors lost in a plane crash as Bryan Grosso, Steven Combs and Matthew Chialastri https://t.co/kGrbddTkks",-0.6124,0.0,0.227,0.773,Sun Nov 26 13:15:07 +0000 2017
458,The New York Times,42,Op-Ed Columnist: Is There an Evangelical Crisis? https://t.co/aY2qE5XNWy,-0.6249,0.0,0.369,0.631,Sun Nov 26 13:10:35 +0000 2017
459,The New York Times,41,"Costumes, crafts, computer kits and more https://t.co/RtWP26ZfOP https://t.co/zsXnhL7I8v",0.0,0.0,0.0,1.0,Sun Nov 26 13:00:25 +0000 2017
460,The New York Times,40,The do-whatever-you-want stage of Jared Kushner‚Äôs White House tenure is over as speculation mounts about his future https://t.co/hxV0PiQ6vP,0.0,0.0,0.0,1.0,Sun Nov 26 12:30:18 +0000 2017
461,The New York Times,39,Kith‚Äôs Ronnie Fieg Knows Exactly What You Want https://t.co/m2YaemlTHW,0.0772,0.14,0.0,0.86,Sun Nov 26 12:10:26 +0000 2017
462,The New York Times,38,On Dessert: What Children ‚Äî and Parents ‚Äî Can Learn From Baking Together https://t.co/3nKAisX8iO,0.0,0.0,0.0,1.0,Sun Nov 26 11:05:29 +0000 2017
463,The New York Times,37,President Trump blindsided congressional Republicans with his defense of Roy Moore https://t.co/Rf32Y0VXbL,0.128,0.12,0.0,0.88,Sun Nov 26 11:00:11 +0000 2017
464,The New York Times,36,"""The day after the U.S. election, I felt, who needs a new opera?"" https://t.co/9uFYXHcqOW",0.0,0.0,0.0,1.0,Sun Nov 26 10:15:45 +0000 2017
465,The New York Times,35,Violence Flares as Nepal Heads to Landmark Elections https://t.co/zn3bk0iYmx,-0.5859,0.105,0.331,0.565,Sun Nov 26 09:57:23 +0000 2017
466,The New York Times,34,Zadar Journal: Can a Wild Daisy Rejuvenate Croatia‚Äôs Farming Economy? https://t.co/bKAnNhWGFI,0.0,0.0,0.0,1.0,Sun Nov 26 09:51:06 +0000 2017
467,The New York Times,33,RT @nytimesworld: Ireland could be headed for a snap election after the main opposition party filed a no-confidence motion https://t.co/l47‚Ä¶,0.4019,0.137,0.0,0.863,Sun Nov 26 09:40:41 +0000 2017
468,The New York Times,32,They found a slave cemetery in NYC. Now they are working to build a memorial. https://t.co/MdKqG5Jdqi,0.0,0.0,0.0,1.0,Sun Nov 26 09:21:48 +0000 2017
469,The New York Times,31,"His evenings are spent with barflies, revelers and party seekers. Except he's not their companion. He's their ride. https://t.co/5HknpUjENy",0.4019,0.13,0.0,0.87,Sun Nov 26 09:04:33 +0000 2017
470,The New York Times,30,It was a question that dogged biologists: Why the neck? https://t.co/0fopzB2mHh,0.0,0.0,0.0,1.0,Sun Nov 26 08:46:53 +0000 2017
471,The New York Times,29,How to prepare for cold and flu season https://t.co/d0Gy5G6GUy,-0.3818,0.0,0.245,0.755,Sun Nov 26 08:29:18 +0000 2017
472,The New York Times,28,"Time and again, America has bent the land to its will. Nature always gets the last word.
https://t.co/llwqtk2qy5",0.0,0.0,0.0,1.0,Sun Nov 26 08:11:54 +0000 2017
473,The New York Times,27,100 notable books of 2017 https://t.co/TCHCqz4rAV,0.0,0.0,0.0,1.0,Sun Nov 26 07:54:15 +0000 2017
474,The New York Times,26,The rusting 80-year-old yacht of the former Yugoslav leader Tito is at the center of a tug of war in Croatia https://t.co/X0ke1OOwmI,-0.5994,0.0,0.163,0.837,Sun Nov 26 07:38:03 +0000 2017
475,The New York Times,25,"RT @nytimesbusiness: Russia‚Äôs economy is emerging from a difficult recession, just as Vladimir Putin gears up for a presidential election h‚Ä¶",-0.6486,0.0,0.238,0.762,Sun Nov 26 07:21:06 +0000 2017
476,The New York Times,24,"RT @nytimesworld: Ratko Mladic's war-crimes trial was to close a chapter, but in Serbia the feelings of victimhood still simmer https://t.c‚Ä¶",-0.6124,0.0,0.174,0.826,Sun Nov 26 07:03:16 +0000 2017
477,The New York Times,23,It was the deadliest terrorist attack in Egypt‚Äôs modern history. Among the dead were at least 27 children. https://t.co/kmi8k1ZAzx,-0.9201,0.0,0.431,0.569,Sun Nov 26 06:47:03 +0000 2017
478,The New York Times,22,"""I feel like I represent Beyonc√©"" https://t.co/DuN3xjFe4T",0.3612,0.333,0.0,0.667,Sun Nov 26 06:35:05 +0000 2017
479,The New York Times,21,"""These people either do not believe the U.S. should be a world leader, or they‚Äôre utterly incompetent."" https://t.co/pa4bBwIiMH",0.0,0.0,0.0,1.0,Sun Nov 26 06:20:02 +0000 2017
480,The New York Times,20,"RT @NYTSports: ""We did that for the nation,"" an Auburn player said after upsetting No. 1 Alabama in the Iron Bowl. https://t.co/3eQ5egI0VD",-0.6486,0.0,0.218,0.782,Sun Nov 26 06:10:04 +0000 2017
481,The New York Times,19,RT @nytimesworld: Trials of Australian antiwar protesters have put a spotlight on a facility the U.S. would rather keep in the shadows http‚Ä¶,-0.2263,0.0,0.087,0.913,Sun Nov 26 05:59:21 +0000 2017
482,The New York Times,18,A newly published Raymond Chandler short story takes on a modern-day problem: the U.S. health care system https://t.co/EVdDy9iODy,0.128,0.161,0.136,0.704,Sun Nov 26 05:42:11 +0000 2017
483,The New York Times,17,"‚ÄòSick With Sexism,‚Äô France Must Fight Violence Against Women, Macron Says https://t.co/GT1Zdt1mdF",-0.7717,0.0,0.401,0.599,Sun Nov 26 05:25:55 +0000 2017
484,The New York Times,16,What can computers see that humans cannot https://t.co/A73EmnHmUD,0.0,0.0,0.0,1.0,Sun Nov 26 05:10:38 +0000 2017
485,The New York Times,15,What to do when a neighbor is taking your newspaper https://t.co/4glF3ZTu0Y,0.0,0.0,0.0,1.0,Sun Nov 26 04:53:56 +0000 2017
486,The New York Times,14,Your guide to seeing a Broadway show this holiday season https://t.co/A7MDPRQ8IA,0.481,0.258,0.0,0.742,Sun Nov 26 04:34:49 +0000 2017
487,The New York Times,13,"Ethiopia is one of the most exciting places in the world to visit right now, writes the @FrugalTraveler https://t.co/LxQNw29lWq",0.5413,0.163,0.0,0.837,Sun Nov 26 04:16:51 +0000 2017
488,The New York Times,12,"Her struggle with gender identity has caused friction. At a shelter for LGBT youths, she learned to accept herself. https://t.co/1zGFoLAk99",0.0772,0.119,0.105,0.776,Sun Nov 26 03:58:12 +0000 2017
489,The New York Times,11,"""My closest American friend here in Japan ‚Ä¶ is worried about me and wants to pay off my mortgages"" https://t.co/kIOrJ9IqgJ",0.1531,0.14,0.158,0.702,Sun Nov 26 03:41:04 +0000 2017
490,The New York Times,10,RT @nytimesworld: Mitsubishi said it sometimes faked inspection data to make it appear as though its products met high specifications https‚Ä¶,0.0,0.0,0.0,1.0,Sun Nov 26 03:22:37 +0000 2017
491,The New York Times,9,Video: The North Korean soldier ran for his life while troops unleashed a hail of bullets to stop him https://t.co/fV5nbMvnhO,-0.2263,0.063,0.107,0.829,Sun Nov 26 03:04:56 +0000 2017
492,The New York Times,8,"In Detroit, the future is still being written https://t.co/Lxib1lSR1i",0.0,0.0,0.0,1.0,Sun Nov 26 02:45:17 +0000 2017
493,The New York Times,7,"The ""Nutcracker"" ballet season is upon us https://t.co/D7ljiHYJfA",0.0,0.0,0.0,1.0,Sun Nov 26 02:26:50 +0000 2017
494,The New York Times,6,"""It's never too early to teach children that their body belongs to them"" https://t.co/FNU5Do4iUz",0.0,0.0,0.0,1.0,Sun Nov 26 02:08:12 +0000 2017
495,The New York Times,5,Even whales have to exfoliate https://t.co/Ix5hplRFe1,0.0,0.0,0.0,1.0,Sun Nov 26 01:49:29 +0000 2017
496,The New York Times,4,Where Brexit hurts: The nurses and doctors leaving London https://t.co/rbIuAjzkwS,-0.4767,0.0,0.256,0.744,Sun Nov 26 01:31:59 +0000 2017
497,The New York Times,3,"""The Marvelous Mrs. Maisel"" has a lead character that could give even the gab-gifted Gilmore girls a run for their‚Ä¶ https://t.co/lY5dPhqYGv",0.5994,0.178,0.0,0.822,Sun Nov 26 01:12:28 +0000 2017
498,The New York Times,2,"Poetry has become a kind of therapy for him. But during a dark few years, he thought he'd never write again. https://t.co/jExl7EQk5o",0.0,0.0,0.0,1.0,Sun Nov 26 00:53:00 +0000 2017
499,The New York Times,1,"Bali‚Äôs Mount Agung Erupts Again, Canceling Flights https://t.co/v87uonIBEf",0.0,0.0,0.0,1.0,Sun Nov 26 00:35:45 +0000 2017
